WOJ;POW;GMI;RODZ_GMI;SYM;SYM_UL;CECHA;NAZWA_1;NAZWA_2;STAN_NA
22;61;01;1;0933016;54737;ul.;100-lecia Związku Harcerstwa Polskiego;;2019-09-18
22;61;01;1;0933016;11205;ul.;Listopada;11;2019-09-18
22;61;01;1;0933016;27457;ul.;Brygady Szczerbca;3;2019-09-18
22;61;01;1;0933016;11937;ul.;Maja;3;2019-09-18
22;61;01;1;0933016;00097;ul.;Achillesa;;2019-09-18
22;61;01;1;0933016;00470;ul.;Asnyka;Adama;2019-09-18
22;61;01;1;0933016;12740;ul.;Mickiewicza;Adama;2019-09-18
22;61;01;1;0933016;04493;ul.;Dygasińskiego;Adolfa;2019-09-18
22;61;01;1;0933016;00134;ul.;Afrodyty;;2019-09-18
22;61;01;1;0933016;00147;ul.;Agrarna;;2019-09-18
22;61;01;1;0933016;00157;ul.;Akacjowa;;2019-09-18
22;61;01;1;0933016;00167;ul.;Aksamitna;;2019-09-18
22;61;01;1;0933016;27024;ul.;Akteona;;2019-09-18
22;61;01;1;0933016;00174;ul.;Akwenowa;;2019-09-18
22;61;01;1;0933016;00183;ul.;Aldony;;2019-09-18
22;61;01;1;0933016;39835;ul.;Aleja Kazimierza Jagiellończyka;;2019-09-18
22;61;01;1;0933016;50734;al.;Aleja Macieja Płażyńskiego;;2019-09-18
22;61;01;1;0933016;43668;ul.;Aleja Vaclava Havla;;2019-09-18
22;61;01;1;0933016;46240;al.;Aleja Żołnierzy Wyklętych;;2019-09-18
22;61;01;1;0933016;31485;ul.;Dulin'a;Aleksandra;2019-09-18
22;61;01;1;0933016;05172;ul.;Fredry;Aleksandra;2019-09-18
22;61;01;1;0933016;06292;ul.;Gryglewskiego;Aleksandra;2019-09-18
22;61;01;1;0933016;11976;ul.;Majkowskiego;Aleksandra;2019-09-18
22;61;01;1;0933016;15178;ul.;Orłowskiego;Aleksandra;2019-09-18
22;61;01;1;0933016;17316;ul.;Potyrały;Aleksandra;2019-09-18
22;61;01;1;0933016;18209;ul.;Puszkina;Aleksandra;2019-09-18
22;61;01;1;0933016;19233;ul.;Rylkego;Aleksandra;2019-09-18
22;61;01;1;0933016;23467;ul.;Volty;Aleksandra;2019-09-18
22;61;01;1;0933016;25996;ul.;Zelwerowicza;Aleksandra;2019-09-18
22;61;01;1;0933016;33819;ul.;Gabrysiak;Aleksandry;2019-09-18
22;61;01;1;0933016;11038;ul.;Liczmańskiego;Alfa;2019-09-18
22;61;01;1;0933016;36826;ul.;Flisykowskiego;Alfonsa;2019-09-18
22;61;01;1;0933016;14291;ul.;Nobla;Alfreda;2019-09-18
22;61;01;1;0933016;40695;ul.;Pienkowskiej;Aliny;2019-09-18
22;61;01;1;0933016;29572;ul.;Bruskiego;Alojzego;2019-09-18
22;61;01;1;0933016;00245;ul.;Altanki;;2019-09-18
22;61;01;1;0933016;00266;ul.;Ametystowa;;2019-09-18
22;61;01;1;0933016;00270;ul.;Amundsena;;2019-09-18
22;61;01;1;0933016;34058;ul.;Wika-Czarnowskiego;Anastazego;2019-09-18
22;61;01;1;0933016;00294;ul.;Andromedy;;2019-09-18
22;61;01;1;0933016;39428;ul.;Grubby;Andrzeja;2019-09-18
22;61;01;1;0933016;34059;ul.;Huenefelda;Andrzeja;2019-09-18
22;61;01;1;0933016;13187;ul.;Modrzewskiego;Andrzeja;2019-09-18
22;61;01;1;0933016;21308;ul.;Struga;Andrzeja;2019-09-18
22;61;01;1;0933016;37195;ul.;Angielska Grobla;;2019-09-18
22;61;01;1;0933016;00341;ul.;Jagiellonki;Anny;2019-09-18
22;61;01;1;0933016;00090;ul.;Abrahama;Antoniego;2019-09-18
22;61;01;1;0933016;00344;ul.;Antczaka;Antoniego;2019-09-18
22;61;01;1;0933016;03959;ul.;Dobrowolskiego;Antoniego;2019-09-18
22;61;01;1;0933016;10818;ul.;Lendziona;Antoniego;2019-09-18
22;61;01;1;0933016;32202;ul.;Madalińskiego;Antoniego;2019-09-18
22;61;01;1;0933016;33184;ul.;Michny;Antoniego;2019-09-18
22;61;01;1;0933016;20269;ul.;Słonimskiego;Antoniego;2019-09-18
22;61;01;1;0933016;21492;ul.;Suchanka;Antoniego;2019-09-18
22;61;01;1;0933016;00368;ul.;Antygony;;2019-09-18
22;61;01;1;0933016;40819;ul.;Dickmana;Arenda;2019-09-18
22;61;01;1;0933016;27025;ul.;Ariadny;;2019-09-18
22;61;01;1;0933016;00410;ul.;Arkońska;;2019-09-18
22;61;01;1;0933016;00428;al.;Armii Krajowej;;2019-09-18
22;61;01;1;0933016;00448;ul.;Aroniowa;;2019-09-18
22;61;01;1;0933016;00452;ul.;Artemidy;;2019-09-18
22;61;01;1;0933016;06206;ul.;Grottgera;Artura;2019-09-18
22;61;01;1;0933016;19605;ul.;Schopenhauera;Artura;2019-09-18
22;61;01;1;0933016;00463;ul.;Asesora;;2019-09-18
22;61;01;1;0933016;00472;ul.;Astronautów;;2019-09-18
22;61;01;1;0933016;00474;ul.;Astronomów;;2019-09-18
22;61;01;1;0933016;00475;ul.;Astrowa;;2019-09-18
22;61;01;1;0933016;00483;ul.;Ateny;;2019-09-18
22;61;01;1;0933016;00493;ul.;Augustowska;;2019-09-18
22;61;01;1;0933016;14067;ul.;Necla;Augustyna;2019-09-18
22;61;01;1;0933016;00518;ul.;Azaliowa;;2019-09-18
22;61;01;1;0933016;00523;ul.;Azymutalna;;2019-09-18
22;61;01;1;0933016;00607;ul.;Bajki;;2019-09-18
22;61;01;1;0933016;00656;ul.;Bałtycka;;2019-09-18
22;61;01;1;0933016;00689;ul.;Banińska;;2019-09-18
22;61;01;1;0933016;29215;ul.;Barkoczyńska;;2019-09-18
22;61;01;1;0933016;00765;ul.;Barniewicka;;2019-09-18
22;61;01;1;0933016;00771;ul.;Barokowa;;2019-09-18
22;61;01;1;0933016;00784;ul.;Bartka;;2019-09-18
22;61;01;1;0933016;00801;ul.;Bartnicza;;2019-09-18
22;61;01;1;0933016;00834;ul.;Barwna;;2019-09-18
22;61;01;1;0933016;00864;ul.;Baśniowa;;2019-09-18
22;61;01;1;0933016;32518;ul.;Bastion św. Elżbiety;;2019-09-18
22;61;01;1;0933016;00861;ul.;Basztowa;;2019-09-18
22;61;01;1;0933016;00868;ul.;Batalionów Chłopskich;;2019-09-18
22;61;01;1;0933016;00925;ul.;Bażantowa;;2019-09-18
22;61;01;1;0933016;00956;ul.;Bednarska;;2019-09-18
22;61;01;1;0933016;29216;ul.;Będomińska;;2019-09-18
22;61;01;1;0933016;00971;ul.;Begoniowa;;2019-09-18
22;61;01;1;0933016;00980;ul.;Belgradzka;;2019-09-18
22;61;01;1;0933016;01042;ul.;Benzynowa;;2019-09-18
22;61;01;1;0933016;01050;ul.;Bereniki;;2019-09-18
22;61;01;1;0933016;02910;ul.;Chrzanowskiego;Bernarda;2019-09-18
22;61;01;1;0933016;12932;ul.;Milewskiego;Bernarda;2019-09-18
22;61;01;1;0933016;12944;ul.;Milskiego;Bernarda;2019-09-18
22;61;01;1;0933016;01103;ul.;Beskidzka;;2019-09-18
22;61;01;1;0933016;01113;ul.;Betoniarzy;;2019-09-18
22;61;01;1;0933016;01132;ul.;Biała;;2019-09-18
22;61;01;1;0933016;01184;ul.;Białostocka;;2019-09-18
22;61;01;1;0933016;01189;ul.;Białowieska;;2019-09-18
22;61;01;1;0933016;01244;ul.;Bielańska;;2019-09-18
22;61;01;1;0933016;01326;ul.;Bieszczadzka;;2019-09-18
22;61;01;1;0933016;44990;ul.;Bieszkowicka;;2019-09-18
22;61;01;1;0933016;01358;ul.;Biologiczna;;2019-09-18
22;61;01;1;0933016;01363;ul.;Biskupia;;2019-09-18
22;61;01;1;0933016;01380;ul.;Bitwy Oliwskiej;;2019-09-18
22;61;01;1;0933016;01383;ul.;Bitwy pod Lenino;;2019-09-18
22;61;01;1;0933016;01391;ul.;Biwakowa;;2019-09-18
22;61;01;1;0933016;15761;ul.;Pascala;Blaise'a;2019-09-18
22;61;01;1;0933016;01458;ul.;Błękitna;;2019-09-18
22;61;01;1;0933016;01413;ul.;Bliska;;2019-09-18
22;61;01;1;0933016;01420;ul.;Bliźniąt;;2019-09-18
22;61;01;1;0933016;42708;ul.;Blizowa;;2019-09-18
22;61;01;1;0933016;01469;ul.;Błońska;;2019-09-18
22;61;01;1;0933016;01430;ul.;Bluszczowa;;2019-09-18
22;61;01;1;0933016;01492;ul.;Bobrowa;;2019-09-18
22;61;01;1;0933016;01528;ul.;Boczna;;2019-09-18
22;61;01;1;0933016;27026;ul.;Kobieli;Bogumiła;2019-09-18
22;61;01;1;0933016;01638;ul.;Bohaterów Getta Warszawskiego;;2019-09-18
22;61;01;1;0933016;01742;ul.;Bolesława Chrobrego;;2019-09-18
22;61;01;1;0933016;01749;ul.;Bolesława Krzywoustego;;2019-09-18
22;61;01;1;0933016;10895;ul.;Leśmiana;Bolesława;2019-09-18
22;61;01;1;0933016;17577;ul.;Prusa;Bolesława;2019-09-18
22;61;01;1;0933016;01835;ul.;Borkowska;;2019-09-18
22;61;01;1;0933016;01874;ul.;Borówkowa;;2019-09-18
22;61;01;1;0933016;01875;ul.;Borska;;2019-09-18
22;61;01;1;0933016;01876;ul.;Borsucza;;2019-09-18
22;61;01;1;0933016;01916;ul.;Bosmańska;;2019-09-18
22;61;01;1;0933016;01920;ul.;Botaniczna;;2019-09-18
22;61;01;1;0933016;41040;ul.;Wronki;bpa Andrzeja;2019-09-18
22;61;01;1;0933016;41027;ul.;Nowickiego;bpa Edmunda;2019-09-18
22;61;01;1;0933016;41036;pl.;O'Rourke;bpa Edwarda;2019-09-18
22;61;01;1;0933016;41030;ul.;Rozrażewskiego;bpa Hieronima;2019-09-18
22;61;01;1;0933016;40526;ul.;Dominika;bpa Konstantyna;2019-09-18
22;61;01;1;0933016;01980;ul.;Lewoniewskich;Braci;2019-09-18
22;61;01;1;0933016;02009;ul.;Bracka;;2019-09-18
22;61;01;1;0933016;02055;ul.;Bratki;;2019-09-18
22;61;01;1;0933016;02091;ul.;Brodnicka;;2019-09-18
22;61;01;1;0933016;02397;ul.;Bukowskiego;Bronisława;2019-09-18
22;61;01;1;0933016;03333;ul.;Czecha;Bronisława;2019-09-18
22;61;01;1;0933016;02148;ul.;Browarna;;2019-09-18
22;61;01;1;0933016;02180;ul.;Brukowa;;2019-09-18
22;61;01;1;0933016;02207;ul.;Brygidki;;2019-09-18
22;61;01;1;0933016;02209;ul.;Brylantowa;;2019-09-18
22;61;01;1;0933016;02227;ul.;Brzegi;;2019-09-18
22;61;01;1;0933016;02255;ul.;Brzeźnieńska;;2019-09-18
22;61;01;1;0933016;02264;ul.;Brzoskwiniowa;;2019-09-18
22;61;01;1;0933016;02276;ul.;Brzozowa;;2019-09-18
22;61;01;1;0933016;02325;ul.;Budapesztańska;;2019-09-18
22;61;01;1;0933016;02337;ul.;Budowlanych;;2019-09-18
22;61;01;1;0933016;02340;ul.;Budowniczych Portu Północnego;;2019-09-18
22;61;01;1;0933016;02352;ul.;Budziszów;;2019-09-18
22;61;01;1;0933016;02387;ul.;Bukowa;;2019-09-18
22;61;01;1;0933016;02412;ul.;Bulońska;;2019-09-18
22;61;01;1;0933016;02446;ul.;Burgaska;;2019-09-18
22;61;01;1;0933016;02462;ul.;Bursztynowa;;2019-09-18
22;61;01;1;0933016;02498;ul.;Bydgoska;;2019-09-18
22;61;01;1;0933016;02511;ul.;Bysewska;;2019-09-18
22;61;01;1;0933016;02516;ul.;Bystrzycka;;2019-09-18
22;61;01;1;0933016;02530;ul.;Bytowska;;2019-09-18
22;61;01;1;0933016;02532;ul.;Bzowa;;2019-09-18
22;61;01;1;0933016;02566;ul.;Cedrowa;;2019-09-18
22;61;01;1;0933016;02572;ul.;Cefeusza;;2019-09-18
22;61;01;1;0933016;02587;ul.;Ceglana;;2019-09-18
22;61;01;1;0933016;02609;ul.;Cementowa;;2019-09-18
22;61;01;1;0933016;02612;ul.;Centaura;;2019-09-18
22;61;01;1;0933016;26721;ul.;Cerery;;2019-09-18
22;61;01;1;0933016;02657;ul.;Chabrowa;;2019-09-18
22;61;01;1;0933016;02680;ul.;Charzykowska;;2019-09-18
22;61;01;1;0933016;02700;ul.;Chełmińska;;2019-09-18
22;61;01;1;0933016;02714;ul.;Chemików;;2019-09-18
22;61;01;1;0933016;26720;ul.;Chirona;;2019-09-18
22;61;01;1;0933016;02723;ul.;Chlebnicka;;2019-09-18
22;61;01;1;0933016;02739;ul.;Chłodna;;2019-09-18
22;61;01;1;0933016;02750;ul.;Chłopska;;2019-09-18
22;61;01;1;0933016;02768;ul.;Chmielna;;2019-09-18
22;61;01;1;0933016;39822;ul.;Choczewska;;2019-09-18
22;61;01;1;0933016;02826;ul.;Chojnicka;;2019-09-18
22;61;01;1;0933016;00288;ul.;Andersena;Christiana;2019-09-18
22;61;01;1;0933016;02945;ul.;Chwaszczyńska;;2019-09-18
22;61;01;1;0933016;02964;ul.;Ciasna;;2019-09-18
22;61;01;1;0933016;02974;ul.;Cicha;;2019-09-18
22;61;01;1;0933016;02994;ul.;Ciechanowska;;2019-09-18
22;61;01;1;0933016;03018;ul.;Cienista;;2019-09-18
22;61;01;1;0933016;52521;ul.;Cieplewska;;2019-09-18
22;61;01;1;0933016;03048;ul.;Ciesielska;;2019-09-18
22;61;01;1;0933016;03078;ul.;Cietrzewia;;2019-09-18
22;61;01;1;0933016;03098;ul.;Cisowa;;2019-09-18
22;61;01;1;0933016;03114;ul.;Cmentarna;;2019-09-18
22;61;01;1;0933016;03141;ul.;Cumowników;;2019-09-18
22;61;01;1;0933016;03171;ul.;Cygańska Góra;;2019-09-18
22;61;01;1;0933016;14319;ul.;Norwida;Cypriana Kamila;2019-09-18
22;61;01;1;0933016;03191;ul.;Cyprysowa;;2019-09-18
22;61;01;1;0933016;03206;ul.;Cystersów;;2019-09-18
22;61;01;1;0933016;03211;ul.;Cytrowa;;2019-09-18
22;61;01;1;0933016;03227;ul.;Czajki;;2019-09-18
22;61;01;1;0933016;39595;ul.;Czaplewska;;2019-09-18
22;61;01;1;0933016;03266;ul.;Czarna;;2019-09-18
22;61;01;1;0933016;03310;ul.;Czarny Dwór;;2019-09-18
22;61;01;1;0933016;03371;ul.;Czeremchowa;;2019-09-18
22;61;01;1;0933016;03376;ul.;Czereśniowa;;2019-09-18
22;61;01;1;0933016;03403;ul.;Czerska;;2019-09-18
22;61;01;1;0933016;03411;ul.;Czerwcowa;;2019-09-18
22;61;01;1;0933016;03443;ul.;Czerwony Dwór;;2019-09-18
22;61;01;1;0933016;12964;ul.;Miłosza;Czesława;2019-09-18
22;61;01;1;0933016;36978;skwer;Niemena;Czesława;2019-09-18
22;61;01;1;0933016;03458;ul.;Częstochowska;;2019-09-18
22;61;01;1;0933016;03461;ul.;Człuchowska;;2019-09-18
22;61;01;1;0933016;03470;ul.;Czopowa;;2019-09-18
22;61;01;1;0933016;03536;ul.;Czyżyków;;2019-09-18
22;61;01;1;0933016;03701;ul.;Dąbrówki;;2019-09-18
22;61;01;1;0933016;03557;ul.;Daleka;;2019-09-18
22;61;01;1;0933016;03566;ul.;Daliowa;;2019-09-18
22;61;01;1;0933016;32286;ul.;Tilgnera;Damazego;2019-09-18
22;61;01;1;0933016;03578;ul.;Damroki;;2019-09-18
22;61;01;1;0933016;02808;ul.;Chodowieckiego;Daniela;2019-09-18
22;61;01;1;0933016;04871;ul.;Fahrenheita;Daniela;2019-09-18
22;61;01;1;0933016;03605;ul.;Danusi;;2019-09-18
22;61;01;1;0933016;30399;pl.;Kobzdeja;Dariusza;2019-09-18
22;61;01;1;0933016;03616;ul.;Darłowska;;2019-09-18
22;61;01;1;0933016;03622;ul.;Daru Pomorza;;2019-09-18
22;61;01;1;0933016;03628;ul.;Darżlubska;;2019-09-18
22;61;01;1;0933016;03799;ul.;Dębinki;;2019-09-18
22;61;01;1;0933016;03809;ul.;Dębogórska;;2019-09-18
22;61;01;1;0933016;03811;ul.;Dębowa;;2019-09-18
22;61;01;1;0933016;03719;ul.;Dedala;;2019-09-18
22;61;01;1;0933016;03733;ul.;Delfina;;2019-09-18
22;61;01;1;0933016;03762;ul.;Deotymy;;2019-09-18
22;61;01;1;0933016;03826;ul.;Diamentowa;;2019-09-18
22;61;01;1;0933016;03827;ul.;Diany;;2019-09-18
22;61;01;1;0933016;03835;ul.;Dionizosa;;2019-09-18
22;61;01;1;0933016;03839;ul.;Długa;;2019-09-18
22;61;01;1;0933016;03840;ul.;Długa Grobla;;2019-09-18
22;61;01;1;0933016;03843;ul.;Długi Targ;;2019-09-18
22;61;01;1;0933016;03844;ul.;Długie Ogrody;;2019-09-18
22;61;01;1;0933016;32519;ul.;Długie Pobrzeże;;2019-09-18
22;61;01;1;0933016;03906;ul.;Do Studzienki;;2019-09-18
22;61;01;1;0933016;03928;ul.;Dobra;;2019-09-18
22;61;01;1;0933016;03996;ul.;Dobrzyńskich;;2019-09-18
22;61;01;1;0933016;04003;ul.;Dojazdowa;;2019-09-18
22;61;01;1;0933016;04007;ul.;Dokerów;;2019-09-18
22;61;01;1;0933016;04009;ul.;Doki;;2019-09-18
22;61;01;1;0933016;04034;ul.;Dolna;;2019-09-18
22;61;01;1;0933016;04037;ul.;Dolna Brama;;2019-09-18
22;61;01;1;0933016;38656;ul.;Dolne Migowo;;2019-09-18
22;61;01;1;0933016;04044;ul.;Dolne Młyny;;2019-09-18
22;61;01;1;0933016;04103;pl.;Dominikański;;2019-09-18
22;61;01;1;0933016;39251;pl.;Michalaka;dr. Stefana;2019-09-18
22;61;01;1;0933016;41066;ul.;Paneckiego;dr. Władysława;2019-09-18
22;61;01;1;0933016;04168;ul.;Drawska;;2019-09-18
22;61;01;1;0933016;04267;ul.;Drożyny;;2019-09-18
22;61;01;1;0933016;04286;ul.;Drużyn Strzeleckich;;2019-09-18
22;61;01;1;0933016;04291;ul.;Drwęcka;;2019-09-18
22;61;01;1;0933016;04378;ul.;Dulkowa;;2019-09-18
22;61;01;1;0933016;04434;ul.;Dworcowa;;2019-09-18
22;61;01;1;0933016;04438;pl.;Dworcowy;;2019-09-18
22;61;01;1;0933016;04441;ul.;Dworkowa;;2019-09-18
22;61;01;1;0933016;04446;ul.;Dworska;;2019-09-18
22;61;01;1;0933016;04501;ul.;Dylinki;;2019-09-18
22;61;01;1;0933016;04526;ul.;Dyrekcyjna;;2019-09-18
22;61;01;1;0933016;26927;ul.;Dywizji Wołyńskiej;;2019-09-18
22;61;01;1;0933016;04561;ul.;Dywizjonu 303;;2019-09-18
22;61;01;1;0933016;04592;ul.;Dziana;;2019-09-18
22;61;01;1;0933016;04626;ul.;Dzielna;;2019-09-18
22;61;01;1;0933016;04722;ul.;Dźwigowa;;2019-09-18
22;61;01;1;0933016;04715;ul.;Dzwonki;;2019-09-18
22;61;01;1;0933016;01305;ul.;Biernackiego;Edmunda;2019-09-18
22;61;01;1;0933016;20766;ul.;Stachury;Edwarda;2019-09-18
22;61;01;1;0933016;37972;ul.;Egiertowska;;2019-09-18
22;61;01;1;0933016;04758;ul.;Elbląska;;2019-09-18
22;61;01;1;0933016;04780;ul.;Elewów;;2019-09-18
22;61;01;1;0933016;04781;ul.;Elfów;;2019-09-18
22;61;01;1;0933016;15211;ul.;Orzeszkowej;Elizy;2019-09-18
22;61;01;1;0933016;04788;ul.;Elżbietańska;;2019-09-18
22;61;01;1;0933016;06683;ul.;Hoene;Emilii;2019-09-18
22;61;01;1;0933016;16451;ul.;Plater;Emilii;2019-09-18
22;61;01;1;0933016;36388;ul.;Barzychowskiej;Erwiny;2019-09-18
22;61;01;1;0933016;10559;ul.;Kwiatkowskiego;Eugeniusza;2019-09-18
22;61;01;1;0933016;18846;ul.;Romera;Eugeniusza;2019-09-18
22;61;01;1;0933016;42797;ul.;Węgrzyna;Eugeniusza;2019-09-18
22;61;01;1;0933016;04843;ul.;Eurydyki;;2019-09-18
22;61;01;1;0933016;04863;ul.;Fabryczna;;2019-09-18
22;61;01;1;0933016;04879;ul.;Falista;;2019-09-18
22;61;01;1;0933016;04885;ul.;Falowa;;2019-09-18
22;61;01;1;0933016;35469;ul.;Muzyka;Feliksa;2019-09-18
22;61;01;1;0933016;14503;ul.;Nowowiejskiego;Feliksa;2019-09-18
22;61;01;1;0933016;04950;ul.;Feniksa;;2019-09-18
22;61;01;1;0933016;04981;ul.;Figowa;;2019-09-18
22;61;01;1;0933016;04994;ul.;Filaretów;;2019-09-18
22;61;01;1;0933016;05009;ul.;Filmowa;;2019-09-18
22;61;01;1;0933016;05010;ul.;Filomatów;;2019-09-18
22;61;01;1;0933016;05027;ul.;Fiołkowa;;2019-09-18
22;61;01;1;0933016;05069;ul.;Flisacka;;2019-09-18
22;61;01;1;0933016;02648;ul.;Ceynowy;Floriana;2019-09-18
22;61;01;1;0933016;05085;ul.;Floriańska;;2019-09-18
22;61;01;1;0933016;05090;ul.;Flory;;2019-09-18
22;61;01;1;0933016;05130;ul.;Forsycji;;2019-09-18
22;61;01;1;0933016;00986;ul.;Bellinga;Franciszka;2019-09-18
22;61;01;1;0933016;01695;ul.;Bohomolca;Franciszka;2019-09-18
22;61;01;1;0933016;06837;ul.;Hynka;Franciszka;2019-09-18
22;61;01;1;0933016;09917;ul.;Kręckiego;Franciszka;2019-09-18
22;61;01;1;0933016;10290;ul.;Kubacza;Franciszka;2019-09-18
22;61;01;1;0933016;11216;ul.;Liszta;Franciszka;2019-09-18
22;61;01;1;0933016;43461;ul.;Mamuszki;Franciszka;2019-09-18
22;61;01;1;0933016;18418;ul.;Rakoczego;Franciszka;2019-09-18
22;61;01;1;0933016;19618;ul.;Schuberta;Franciszka;2019-09-18
22;61;01;1;0933016;25267;ul.;Zabłockiego;Franciszka;2019-09-18
22;61;01;1;0933016;26267;ul.;Zubrzyckiego;Franciszka;2019-09-18
22;61;01;1;0933016;05184;ul.;Frezjowa;;2019-09-18
22;61;01;1;0933016;05188;ul.;Fromborska;;2019-09-18
22;61;01;1;0933016;02849;ul.;Chopina;Fryderyka;2019-09-18
22;61;01;1;0933016;05208;ul.;Fundacyjna;;2019-09-18
22;61;01;1;0933016;05209;ul.;Fundamentowa;;2019-09-18
22;61;01;1;0933016;14018;ul.;Narutowicza;Gabriela;2019-09-18
22;61;01;1;0933016;19312;ul.;Rzączyńskiego;Gabriela;2019-09-18
22;61;01;1;0933016;05265;ul.;Gajowa;;2019-09-18
22;61;01;1;0933016;05272;ul.;Galaktyczna;;2019-09-18
22;61;01;1;0933016;05283;ul.;Galileusza;;2019-09-18
22;61;01;1;0933016;05321;ul.;Garbary;;2019-09-18
22;61;01;1;0933016;05332;ul.;Garczyńska;;2019-09-18
22;61;01;1;0933016;05345;ul.;Garncarska;;2019-09-18
22;61;01;1;0933016;05404;ul.;Gazownicza;;2019-09-18
22;61;01;1;0933016;05431;ul.;Gdańska;;2019-09-18
22;61;01;1;0933016;05436;ul.;Gdańskiego Kolejarza;;2019-09-18
22;61;01;1;0933016;05441;ul.;Gdyńska;;2019-09-18
22;61;01;1;0933016;05443;ul.;Gdyńskich Kosynierów;;2019-09-18
22;61;01;1;0933016;41018;ul.;Giełguda;gen. Antoniego;2019-09-18
22;61;01;1;0933016;04976;ul.;Fieldorfa;gen. Augusta Emila;2019-09-18
22;61;01;1;0933016;01809;ul.;Bora-Komorowskiego;gen.;2019-09-18
22;61;01;1;0933016;05362;ul.;de Gaulle'a;gen.;2019-09-18
22;61;01;1;0933016;44989;ul.;Zawackiej;gen. Elżbiety;2019-09-18
22;61;01;1;0933016;03673;ul.;Dąbrowskiego;gen. Henryka;2019-09-18
22;61;01;1;0933016;01014;ul.;Bema;gen. Józefa;2019-09-18
22;61;01;1;0933016;05044;ul.;Fiszera;gen. Józefa;2019-09-18
22;61;01;1;0933016;06482;al.;Hallera;gen. Józefa;2019-09-18
22;61;01;1;0933016;20625;ul.;Sowińskiego;gen. Józefa;2019-09-18
22;61;01;1;0933016;41033;pl.;Wybickiego;gen. Józefa;2019-09-18
22;61;01;1;0933016;20596;ul.;Sosnkowskiego;gen. Kazimierza;2019-09-18
22;61;01;1;0933016;14929;ul.;Okulickiego;gen. Leopolda;2019-09-18
22;61;01;1;0933016;11861;pl.;Maczka;gen. Stanisława;2019-09-18
22;61;01;1;0933016;06191;ul.;Grota-Roweckiego;gen. Stefana;2019-09-18
22;61;01;1;0933016;19904;al.;Sikorskiego;gen. Władysława;2019-09-18
22;61;01;1;0933016;05452;ul.;Geodetów;;2019-09-18
22;61;01;1;0933016;05466;ul.;Gerwazego;;2019-09-18
22;61;01;1;0933016;05476;ul.;Gęsia;;2019-09-18
22;61;01;1;0933016;05606;ul.;Głęboka;;2019-09-18
22;61;01;1;0933016;05610;ul.;Głogowa;;2019-09-18
22;61;01;1;0933016;05614;ul.;Głogowska;;2019-09-18
22;61;01;1;0933016;05640;ul.;Głucha;;2019-09-18
22;61;01;1;0933016;05647;ul.;Głuszca;;2019-09-18
22;61;01;1;0933016;05670;ul.;Gnieźnieńska;;2019-09-18
22;61;01;1;0933016;05672;ul.;Gnilna;;2019-09-18
22;61;01;1;0933016;05761;ul.;Gołębia;;2019-09-18
22;61;01;1;0933016;05781;ul.;Gołuńska;;2019-09-18
22;61;01;1;0933016;05804;ul.;Goplańska;;2019-09-18
22;61;01;1;0933016;05924;ul.;Góralska;;2019-09-18
22;61;01;1;0933016;05929;ul.;Górecka;;2019-09-18
22;61;01;1;0933016;05934;ul.;Górka;;2019-09-18
22;61;01;1;0933016;05948;ul.;Górna;;2019-09-18
22;61;01;1;0933016;05962;ul.;Górnicza;;2019-09-18
22;61;01;1;0933016;05839;ul.;Gorzowska;;2019-09-18
22;61;01;1;0933016;06002;ul.;Górzysta;;2019-09-18
22;61;01;1;0933016;05876;ul.;Gościnna;;2019-09-18
22;61;01;1;0933016;29574;ul.;Goska;;2019-09-18
22;61;01;1;0933016;05854;ul.;Gospody;;2019-09-18
22;61;01;1;0933016;05860;ul.;Gostyńska;;2019-09-18
22;61;01;1;0933016;29573;ul.;Goszyńska;;2019-09-18
22;61;01;1;0933016;10819;ul.;Lengnicha;Gotfryda;2019-09-18
22;61;01;1;0933016;05894;ul.;Gotycka;;2019-09-18
22;61;01;1;0933016;37025;ul.;Gowidlińska;;2019-09-18
22;61;01;1;0933016;05905;ul.;Goździkowa;;2019-09-18
22;61;01;1;0933016;06029;ul.;Grabowa;;2019-09-18
22;61;01;1;0933016;06057;ul.;Gradowa;;2019-09-18
22;61;01;1;0933016;06077;ul.;Granitowa;;2019-09-18
22;61;01;1;0933016;06083;ul.;Grażyny;;2019-09-18
22;61;01;1;0933016;00547;ul.;Bacewicz;Grażyny;2019-09-18
22;61;01;1;0933016;06116;ul.;Grobla I;;2019-09-18
22;61;01;1;0933016;06117;ul.;Grobla II;;2019-09-18
22;61;01;1;0933016;06118;ul.;Grobla III;;2019-09-18
22;61;01;1;0933016;06119;ul.;Grobla IV;;2019-09-18
22;61;01;1;0933016;06153;ul.;Grodza Kamienna;;2019-09-18
22;61;01;1;0933016;06157;ul.;Grodzieńska;;2019-09-18
22;61;01;1;0933016;06163;ul.;Grodzka;;2019-09-18
22;61;01;1;0933016;06178;ul.;Gronostajowa;;2019-09-18
22;61;01;1;0933016;06179;ul.;Gronowa;;2019-09-18
22;61;01;1;0933016;06183;ul.;Groszkowa;;2019-09-18
22;61;01;1;0933016;06236;ul.;Grudziądzka;;2019-09-18
22;61;01;1;0933016;06259;al.;Grunwaldzka;;2019-09-18
22;61;01;1;0933016;06285;ul.;Gryfa Pomorskiego;;2019-09-18
22;61;01;1;0933016;06302;ul.;Grząska;;2019-09-18
22;61;01;1;0933016;05048;ul.;Fitelberga;Grzegorza;2019-09-18
22;61;01;1;0933016;16331;ul.;Piramowicza;Grzegorza;2019-09-18
22;61;01;1;0933016;06312;ul.;Grzegorza z Sanoka;;2019-09-18
22;61;01;1;0933016;06341;ul.;Grzybowa;;2019-09-18
22;61;01;1;0933016;32982;ul.;Herlinga-Grudzińskiego;Gustawa;2019-09-18
22;61;01;1;0933016;38105;ul.;Gwiazda Morza;;2019-09-18
22;61;01;1;0933016;06422;ul.;Gwiaździsta;;2019-09-18
22;61;01;1;0933016;06507;ul.;Handlowa;;2019-09-18
22;61;01;1;0933016;06537;ul.;Harfowa;;2019-09-18
22;61;01;1;0933016;06577;ul.;Heleny;;2019-09-18
22;61;01;1;0933016;12418;ul.;Marusarzówny;Heleny;2019-09-18
22;61;01;1;0933016;13180;ul.;Modrzejewskiej;Heleny;2019-09-18
22;61;01;1;0933016;32865;ul.;Heliosa;;2019-09-18
22;61;01;1;0933016;06587;ul.;Helska;;2019-09-18
22;61;01;1;0933016;00398;ul.;Arctowskiego;Henryka;2019-09-18
22;61;01;1;0933016;06980;ul.;Jabłońskiego;Henryka Hubertusa;2019-09-18
22;61;01;1;0933016;18709;ul.;Rodakowskiego;Henryka;2019-09-18
22;61;01;1;0933016;19816;ul.;Siemiradzkiego;Henryka;2019-09-18
22;61;01;1;0933016;19834;ul.;Sienkiewicza;Henryka;2019-09-18
22;61;01;1;0933016;24036;ul.;Wieczorkiewicza;Henryka;2019-09-18
22;61;01;1;0933016;06613;ul.;Herbowa;;2019-09-18
22;61;01;1;0933016;06623;ul.;Herkulesa;;2019-09-18
22;61;01;1;0933016;27023;ul.;Hermesa;;2019-09-18
22;61;01;1;0933016;34057;ul.;Herosa;;2019-09-18
22;61;01;1;0933016;06634;ul.;Hery;;2019-09-18
22;61;01;1;0933016;31785;ul.;Hestii;;2019-09-18
22;61;01;1;0933016;06650;ul.;Hiacyntowa;;2019-09-18
22;61;01;1;0933016;06695;ul.;Hokejowa;;2019-09-18
22;61;01;1;0933016;06705;ul.;Hołdu Pruskiego;;2019-09-18
22;61;01;1;0933016;06719;ul.;Homera;;2019-09-18
22;61;01;1;0933016;06729;ul.;Horacego;;2019-09-18
22;61;01;1;0933016;06735;ul.;Horeszków;;2019-09-18
22;61;01;1;0933016;06756;ul.;Hoża;;2019-09-18
22;61;01;1;0933016;06790;ul.;Hucisko;;2019-09-18
22;61;01;1;0933016;28081;ul.;Kołłątaja;Hugo;2019-09-18
22;61;01;1;0933016;06817;ul.;Husytów;;2019-09-18
22;61;01;1;0933016;02200;ul.;Brygady;I;2019-09-18
22;61;01;1;0933016;06857;ul.;Igielnicka;;2019-09-18
22;61;01;1;0933016;04094;ul.;Domeyki;Ignacego;2019-09-18
22;61;01;1;0933016;09830;ul.;Krasickiego;Ignacego;2019-09-18
22;61;01;1;0933016;10484;ul.;Kurzyńskiego;Ignacego;2019-09-18
22;61;01;1;0933016;11749;ul.;Łukasiewicza;Ignacego;2019-09-18
22;61;01;1;0933016;12515;ul.;Matuszewskiego;Ignacego;2019-09-18
22;61;01;1;0933016;15529;ul.;Paderewskiego;Ignacego;2019-09-18
22;61;01;1;0933016;43260;skwer;Wilczewskiego;Ignacego;2019-09-18
22;61;01;1;0933016;02201;ul.;Brygady;II;2019-09-18
22;61;01;1;0933016;06873;ul.;Ikara;;2019-09-18
22;61;01;1;0933016;06880;ul.;Iławska;;2019-09-18
22;61;01;1;0933016;06882;ul.;Iłowa;;2019-09-18
22;61;01;1;0933016;37145;rondo;Hakenbergera;im. Andrzeja;2019-09-18
22;61;01;1;0933016;39249;rondo;Kaczmarskiego;im. Jacka;2019-09-18
22;61;01;1;0933016;36127;park;Haffnera;im. Jana Jerzego;2019-09-18
22;61;01;1;0933016;06908;ul.;Inspektorska;;2019-09-18
22;61;01;1;0933016;06910;ul.;Instalatorów;;2019-09-18
22;61;01;1;0933016;37112;ul.;Internetowa;;2019-09-18
22;61;01;1;0933016;06920;pl.;Inwalidów Wojennych;;2019-09-18
22;61;01;1;0933016;06923;ul.;Inżynierska;;2019-09-18
22;61;01;1;0933016;40860;ul.;Sendlerowej;Ireny;2019-09-18
22;61;01;1;0933016;06933;ul.;Irysowa;;2019-09-18
22;61;01;1;0933016;05284;ul.;Galla;Iwo;2019-09-18
22;61;01;1;0933016;06960;ul.;Izydy;;2019-09-18
22;61;01;1;0933016;06967;ul.;Jabłoniowa;;2019-09-18
22;61;01;1;0933016;06993;ul.;Jachtowa;;2019-09-18
22;61;01;1;0933016;37737;rondo;Kuronia;Jacka;2019-09-18
22;61;01;1;0933016;12037;ul.;Malczewskiego;Jacka;2019-09-18
22;61;01;1;0933016;20581;ul.;Soplicy;Jacka;2019-09-18
22;61;01;1;0933016;41138;ul.;Jagatowska;;2019-09-18
22;61;01;1;0933016;07029;ul.;Jagiellońska;;2019-09-18
22;61;01;1;0933016;07048;ul.;Jaglana;;2019-09-18
22;61;01;1;0933016;07059;ul.;Jagodowa;;2019-09-18
22;61;01;1;0933016;23841;ul.;Wejhera;Jakuba;2019-09-18
22;61;01;1;0933016;07096;ul.;Jałmużnicza;;2019-09-18
22;61;01;1;0933016;00503;ul.;Augustyńskiego;Jana;2019-09-18
22;61;01;1;0933016;00929;ul.;Bażyńskiego;Jana;2019-09-18
22;61;01;1;0933016;02161;ul.;Brożka;Jana;2019-09-18
22;61;01;1;0933016;02225;ul.;Brzechwy;Jana;2019-09-18
22;61;01;1;0933016;27627;ul.;Charpantiera;Jana;2019-09-18
22;61;01;1;0933016;15770;ul.;Paska;Jana Chryzostoma;2019-09-18
22;61;01;1;0933016;03459;ul.;Czirenberga;Jana;2019-09-18
22;61;01;1;0933016;03604;ul.;Dantyszka;Jana;2019-09-18
22;61;01;1;0933016;03730;ul.;Dekerta;Jana;2019-09-18
22;61;01;1;0933016;03851;ul.;Długosza;Jana;2019-09-18
22;61;01;1;0933016;04659;ul.;Dziewanowskiego;Jana;2019-09-18
22;61;01;1;0933016;06643;ul.;Heweliusza;Jana;2019-09-18
22;61;01;1;0933016;06811;ul.;Husa;Jana;2019-09-18
22;61;01;1;0933016;37518;ul.;Kanapariusza;Jana;2019-09-18
22;61;01;1;0933016;33028;ul.;Karskiego;Jana;2019-09-18
22;61;01;1;0933016;08153;ul.;Kasprowicza;Jana;2019-09-18
22;61;01;1;0933016;08323;ul.;Keplera;Jana;2019-09-18
22;61;01;1;0933016;39231;ul.;Kielasa;Jana;2019-09-18
22;61;01;1;0933016;08396;ul.;Kiepury;Jana;2019-09-18
22;61;01;1;0933016;08435;ul.;Kilińskiego;Jana;2019-09-18
22;61;01;1;0933016;08728;ul.;Kochanowskiego;Jana;2019-09-18
22;61;01;1;0933016;09719;ul.;Kozietulskiego;Jana;2019-09-18
22;61;01;1;0933016;12489;ul.;Matejki;Jana;2019-09-18
22;61;01;1;0933016;36386;ul.;Michonia;Jana;2019-09-18
22;61;01;1;0933016;13940;ul.;Nagórskiego;Jana;2019-09-18
22;61;01;1;0933016;15384;ul.;Ostroroga;Jana;2019-09-18
22;61;01;1;0933016;07120;al.;Jana Pawła II;;2019-09-18
22;61;01;1;0933016;15969;ul.;Pestalozziego;Jana;2019-09-18
22;61;01;1;0933016;19172;ul.;Rybińskiego;Jana;2019-09-18
22;61;01;1;0933016;00549;ul.;Bacha;Jana Sebastiana;2019-09-18
22;61;01;1;0933016;20427;ul.;Jana Sobieskiego;;2019-09-18
22;61;01;1;0933016;20536;ul.;Solikowskiego;Jana;2019-09-18
22;61;01;1;0933016;21261;ul.;Strakowskiego;Jana;2019-09-18
22;61;01;1;0933016;33870;ul.;Styp-Rekowskiego;Jana;2019-09-18
22;61;01;1;0933016;23382;ul.;Uphagena;Jana;2019-09-18
22;61;01;1;0933016;28755;ul.;Wojnarskiego;Jana;2019-09-18
22;61;01;1;0933016;07134;ul.;Jana z Kolna;;2019-09-18
22;61;01;1;0933016;07178;ul.;Jankiela;;2019-09-18
22;61;01;1;0933016;07216;ul.;Jantarowa;;2019-09-18
22;61;01;1;0933016;09329;ul.;Korczaka;Janusza;2019-09-18
22;61;01;1;0933016;10493;ul.;Kusocińskiego;Janusza;2019-09-18
22;61;01;1;0933016;12589;ul.;Meissnera;Janusza;2019-09-18
22;61;01;1;0933016;41016;ul.;Derdowskiego;Jarosza Henryka;2019-09-18
22;61;01;1;0933016;07277;ul.;Jarowa;;2019-09-18
22;61;01;1;0933016;07290;ul.;Jarzębinowa;;2019-09-18
22;61;01;1;0933016;07298;ul.;Jasia i Małgosi;;2019-09-18
22;61;01;1;0933016;07306;ul.;Jasieńska;;2019-09-18
22;61;01;1;0933016;07329;ul.;Jaskółcza;;2019-09-18
22;61;01;1;0933016;07375;ul.;Jaśkowa Dolina;;2019-09-18
22;61;01;1;0933016;07380;ul.;Jaśminowa;;2019-09-18
22;61;01;1;0933016;32643;ul.;Jaśminowy Stok;;2019-09-18
22;61;01;1;0933016;07335;ul.;Jasna;;2019-09-18
22;61;01;1;0933016;07354;ul.;Jastrzębia;;2019-09-18
22;61;01;1;0933016;07394;ul.;Jaworowa;;2019-09-18
22;61;01;1;0933016;34159;ul.;Jaworzniaków;;2019-09-18
22;61;01;1;0933016;07427;ul.;Jednorożca;;2019-09-18
22;61;01;1;0933016;07455;ul.;Jelenia;;2019-09-18
22;61;01;1;0933016;07459;ul.;Jeleniogórska;;2019-09-18
22;61;01;1;0933016;07467;ul.;Jelinki;;2019-09-18
22;61;01;1;0933016;07469;ul.;Jelitkowska;;2019-09-18
22;61;01;1;0933016;34422;ul.;Jelitkowski Dwór;;2019-09-18
22;61;01;1;0933016;37898;ul.;Falck Polonusa;Jeremiasza;2019-09-18
22;61;01;1;0933016;00600;ul.;Bajana;Jerzego;2019-09-18
22;61;01;1;0933016;33026;ul.;Giedroycia;Jerzego;2019-09-18
22;61;01;1;0933016;36460;pl.;Kołodziejskiego;Jerzego;2019-09-18
22;61;01;1;0933016;31483;ul.;Świrskiego;Jerzego;2019-09-18
22;61;01;1;0933016;33027;ul.;Waldorffa;Jerzego;2019-09-18
22;61;01;1;0933016;31487;ul.;Zwierkowskiego;Jerzego;2019-09-18
22;61;01;1;0933016;07499;ul.;Jesienna;;2019-09-18
22;61;01;1;0933016;07506;ul.;Jesionowa;;2019-09-18
22;61;01;1;0933016;07537;ul.;Jeziorowa;;2019-09-18
22;61;01;1;0933016;10793;ul.;Lelewela;Joachima;2019-09-18
22;61;01;1;0933016;15782;ul.;Pastoriusza;Joachima;2019-09-18
22;61;01;1;0933016;07582;ul.;Jodłowa;;2019-09-18
22;61;01;1;0933016;07586;ul.;Jodowa;;2019-09-18
22;61;01;1;0933016;07620;ul.;Jowisza;;2019-09-18
22;61;01;1;0933016;02706;ul.;Chełmońskiego;Józefa;2019-09-18
22;61;01;1;0933016;02792;ul.;Chociszewskiego;Józefa;2019-09-18
22;61;01;1;0933016;03528;ul.;Czyżewskiego;Józefa;2019-09-18
22;61;01;1;0933016;06684;ul.;Hoene-Wrońskiego;Józefa;2019-09-18
22;61;01;1;0933016;09603;ul.;Kotarbińskiego;Józefa;2019-09-18
22;61;01;1;0933016;29729;ul.;Kraszewskiego;Józefa;2019-09-18
22;61;01;1;0933016;12585;ul.;Mehoffera;Józefa;2019-09-18
22;61;01;1;0933016;15633;ul.;Pankiewicza;Józefa;2019-09-18
22;61;01;1;0933016;23378;ul.;Unruga;Józefa;2019-09-18
22;61;01;1;0933016;36385;ul.;Wąsika;Józefa;2019-09-18
22;61;01;1;0933016;27388;ul.;Wassowskiego;Józefa;2019-09-18
22;61;01;1;0933016;24124;ul.;Wieniawskiego;Józefa;2019-09-18
22;61;01;1;0933016;26620;ul.;Żylewicza;Józefa;2019-09-18
22;61;01;1;0933016;27319;ul.;Niemcewicza;Juliana;2019-09-18
22;61;01;1;0933016;23196;ul.;Tuwima;Juliana;2019-09-18
22;61;01;1;0933016;09463;ul.;Kossaka;Juliusza;2019-09-18
22;61;01;1;0933016;15365;ul.;Osterwy;Juliusza;2019-09-18
22;61;01;1;0933016;20291;ul.;Słowackiego;Juliusza;2019-09-18
22;61;01;1;0933016;07660;ul.;Junacka;;2019-09-18
22;61;01;1;0933016;26719;ul.;Junony;;2019-09-18
22;61;01;1;0933016;07675;ul.;Juraty;;2019-09-18
22;61;01;1;0933016;07699;ul.;Jutrzenki;;2019-09-18
22;61;01;1;0933016;07715;ul.;Kacza;;2019-09-18
22;61;01;1;0933016;07721;ul.;Kaczeńce;;2019-09-18
22;61;01;1;0933016;07754;ul.;Kadetów;;2019-09-18
22;61;01;1;0933016;07762;ul.;Kadmowa;;2019-09-18
22;61;01;1;0933016;07797;ul.;Kaletnicza;;2019-09-18
22;61;01;1;0933016;07804;ul.;Kalinowa;;2019-09-18
22;61;01;1;0933016;07823;ul.;Kaliska;;2019-09-18
22;61;01;1;0933016;07882;ul.;Kamienna Grobla;;2019-09-18
22;61;01;1;0933016;07922;ul.;Kampinoska;;2019-09-18
22;61;01;1;0933016;07928;ul.;Kanałowa;;2019-09-18
22;61;01;1;0933016;07982;ul.;Kapitańska;;2019-09-18
22;61;01;1;0933016;07984;ul.;Kapliczna;;2019-09-18
22;61;01;1;0933016;07990;ul.;Kaprów;;2019-09-18
22;61;01;1;0933016;25106;pl.;Wyszyńskiego;kard. Stefana;2019-09-18
22;61;01;1;0933016;08042;ul.;Karkonoska;;2019-09-18
22;61;01;1;0933016;08049;ul.;Karlikowska;;2019-09-18
22;61;01;1;0933016;08061;ul.;Karmelicka;;2019-09-18
22;61;01;1;0933016;26983;ul.;Chodkiewicza;Karola;2019-09-18
22;61;01;1;0933016;03828;ul.;Dickensa;Karola;2019-09-18
22;61;01;1;0933016;10465;ul.;Kurpińskiego;Karola;2019-09-18
22;61;01;1;0933016;11125;ul.;Lipińskiego;Karola;2019-09-18
22;61;01;1;0933016;15008;ul.;Olszewskiego;Karola;2019-09-18
22;61;01;1;0933016;22238;ul.;Szymanowskiego;Karola;2019-09-18
22;61;01;1;0933016;08096;ul.;Karpacka;;2019-09-18
22;61;01;1;0933016;08099;ul.;Karpia;;2019-09-18
22;61;01;1;0933016;08115;ul.;Karsińska;;2019-09-18
22;61;01;1;0933016;08124;ul.;Kartuska;;2019-09-18
22;61;01;1;0933016;08130;ul.;Karwieńska;;2019-09-18
22;61;01;1;0933016;08137;ul.;Kasjopei;;2019-09-18
22;61;01;1;0933016;08171;ul.;Kasztanowa;;2019-09-18
22;61;01;1;0933016;08183;ul.;Kaszubska;;2019-09-18
22;61;01;1;0933016;08195;ul.;Katarzynki;;2019-09-18
22;61;01;1;0933016;08301;ul.;Kątowa;;2019-09-18
22;61;01;1;0933016;38963;ul.;Górskiego;Kazimierza;2019-09-18
22;61;01;1;0933016;07552;ul.;Jeżewskiego;Kazimierza;2019-09-18
22;61;01;1;0933016;36825;ul.;Leskiego;Kazimierza;2019-09-18
22;61;01;1;0933016;31484;ul.;Porębskiego;Kazimierza;2019-09-18
22;61;01;1;0933016;18099;ul.;Pułaskiego;Kazimierza;2019-09-18
22;61;01;1;0933016;20609;ul.;Sośnickiego;Kazimierza;2019-09-18
22;61;01;1;0933016;22771;ul.;Tetmajera;Kazimierza;2019-09-18
22;61;01;1;0933016;08265;ul.;Kazimierza Wielkiego;;2019-09-18
22;61;01;1;0933016;28954;ul.;Wiłkomirskiego;Kazimierza;2019-09-18
22;61;01;1;0933016;08272;ul.;Kaznodziejska;;2019-09-18
22;61;01;1;0933016;08314;ul.;Kempingowa;;2019-09-18
22;61;01;1;0933016;08354;ul.;Kępna;;2019-09-18
22;61;01;1;0933016;08379;ul.;Kielecka;;2019-09-18
22;61;01;1;0933016;08380;ul.;Kielnieńska;;2019-09-18
22;61;01;1;0933016;08463;ul.;Kiszewska;;2019-09-18
22;61;01;1;0933016;08611;ul.;Kładki;;2019-09-18
22;61;01;1;0933016;08521;ul.;Klesza;;2019-09-18
22;61;01;1;0933016;08541;ul.;Klimatyczna;;2019-09-18
22;61;01;1;0933016;08561;ul.;Kliniczna;;2019-09-18
22;61;01;1;0933016;08574;ul.;Klonowa;;2019-09-18
22;61;01;1;0933016;08629;ul.;Kłopot;;2019-09-18
22;61;01;1;0933016;08633;ul.;Kłosowa;;2019-09-18
22;61;01;1;0933016;08599;ul.;Klukowska;;2019-09-18
22;61;01;1;0933016;37659;ul.;Bramińskiego;kmdr. Tadeusza;2019-09-18
22;61;01;1;0933016;08645;ul.;Kmieca;;2019-09-18
22;61;01;1;0933016;08652;ul.;Kminkowa;;2019-09-18
22;61;01;1;0933016;08682;ul.;Knyszyńska;;2019-09-18
22;61;01;1;0933016;08753;ul.;Kocurki;;2019-09-18
22;61;01;1;0933016;08794;ul.;Kolarska;;2019-09-18
22;61;01;1;0933016;29222;ul.;Kolbudzka;;2019-09-18
22;61;01;1;0933016;08823;ul.;Kolejarzy;;2019-09-18
22;61;01;1;0933016;08828;ul.;Kolejowa;;2019-09-18
22;61;01;1;0933016;09009;ul.;Kołobrzeska;;2019-09-18
22;61;01;1;0933016;09015;ul.;Kołodziejska;;2019-09-18
22;61;01;1;0933016;08857;ul.;Kolonia Anielinki;;2019-09-18
22;61;01;1;0933016;08890;ul.;Kolonia Jordana;;2019-09-18
22;61;01;1;0933016;08900;ul.;Kolonia Mysia;;2019-09-18
22;61;01;1;0933016;08906;ul.;Kolonia Ochota;;2019-09-18
22;61;01;1;0933016;08908;ul.;Kolonia Orka;;2019-09-18
22;61;01;1;0933016;08920;ul.;Kolonia Postęp;;2019-09-18
22;61;01;1;0933016;08921;ul.;Kolonia Praca;;2019-09-18
22;61;01;1;0933016;08924;ul.;Kolonia Przyszłość;;2019-09-18
22;61;01;1;0933016;08930;ul.;Kolonia Rola;;2019-09-18
22;61;01;1;0933016;41021;ul.;Kolonia Stanisława Przybyszewskiego;;2019-09-18
22;61;01;1;0933016;08939;ul.;Kolonia Studentów;;2019-09-18
22;61;01;1;0933016;08945;ul.;Kolonia Uroda;;2019-09-18
22;61;01;1;0933016;08951;ul.;Kolonia Wyżyny;;2019-09-18
22;61;01;1;0933016;08955;ul.;Kolonia Zaranie;;2019-09-18
22;61;01;1;0933016;08965;ul.;Kolonia Żeńcy;;2019-09-18
22;61;01;1;0933016;08962;ul.;Kolonia Zręby;;2019-09-18
22;61;01;1;0933016;08975;ul.;Kolonijna;;2019-09-18
22;61;01;1;0933016;08979;ul.;Kolorowa;;2019-09-18
22;61;01;1;0933016;09024;ul.;Komandorska;;2019-09-18
22;61;01;1;0933016;09043;ul.;Kombatantów;;2019-09-18
22;61;01;1;0933016;09054;ul.;Komety;;2019-09-18
22;61;01;1;0933016;09094;ul.;Komputerowa;;2019-09-18
22;61;01;1;0933016;28247;ul.;Konkordii;;2019-09-18
22;61;01;1;0933016;06362;ul.;Guderskiego;Konrada;2019-09-18
22;61;01;1;0933016;41023;ul.;Korzeniowskiego;Konrada;2019-09-18
22;61;01;1;0933016;10744;ul.;Leczkowa;Konrada;2019-09-18
22;61;01;1;0933016;26651;ul.;Wallenroda;Konrada;2019-09-18
22;61;01;1;0933016;31489;ul.;Bergiela;Konstantego;2019-09-18
22;61;01;1;0933016;03089;ul.;Ciołkowskiego;Konstantego;2019-09-18
22;61;01;1;0933016;05300;ul.;Gałczyńskiego;Konstantego Ildefonsa;2019-09-18
22;61;01;1;0933016;09203;ul.;Konstelacji;;2019-09-18
22;61;01;1;0933016;09217;ul.;Kontenerowa;;2019-09-18
22;61;01;1;0933016;09222;ul.;Konwalii;;2019-09-18
22;61;01;1;0933016;09243;ul.;Kopalniana;;2019-09-18
22;61;01;1;0933016;09316;ul.;Koralowa;;2019-09-18
22;61;01;1;0933016;09361;ul.;Kormoranów;;2019-09-18
22;61;01;1;0933016;12024;ul.;Makuszyńskiego;Kornela;2019-09-18
22;61;01;1;0933016;09383;ul.;Korsarzy;;2019-09-18
22;61;01;1;0933016;39597;ul.;Kortowska;;2019-09-18
22;61;01;1;0933016;09412;ul.;Korzenna;;2019-09-18
22;61;01;1;0933016;09546;ul.;Kościelna;;2019-09-18
22;61;01;1;0933016;09556;ul.;Kościerska;;2019-09-18
22;61;01;1;0933016;09440;ul.;Kosmonautów;;2019-09-18
22;61;01;1;0933016;09509;ul.;Koszalińska;;2019-09-18
22;61;01;1;0933016;09645;ul.;Kotwiczników;;2019-09-18
22;61;01;1;0933016;09665;ul.;Kowalska;;2019-09-18
22;61;01;1;0933016;51136;ul.;Kozacza Góra;;2019-09-18
22;61;01;1;0933016;09704;ul.;Kozia;;2019-09-18
22;61;01;1;0933016;09730;ul.;Koziorożca;;2019-09-18
22;61;01;1;0933016;29213;ul.;Borchardta;kpt. Karola Olgierda;2019-09-18
22;61;01;1;0933016;29214;ul.;Maciejewicza;kpt. Konstantego;2019-09-18
22;61;01;1;0933016;38483;ul.;Poinca;kpt. Żeglugi Wielkiej Witolda;2019-09-18
22;61;01;1;0933016;09778;ul.;Krajeńska;;2019-09-18
22;61;01;1;0933016;09813;ul.;Kramarska;;2019-09-18
22;61;01;1;0933016;09819;ul.;Krańcowa;;2019-09-18
22;61;01;1;0933016;09875;ul.;Kraśnięta;;2019-09-18
22;61;01;1;0933016;09858;ul.;Krasnoludków;;2019-09-18
22;61;01;1;0933016;09925;ul.;Kręta;;2019-09-18
22;61;01;1;0933016;09946;ul.;Krokusowa;;2019-09-18
22;61;01;1;0933016;40250;ul.;Królewskie Wzgórze;;2019-09-18
22;61;01;1;0933016;09995;ul.;Królikarnia;;2019-09-18
22;61;01;1;0933016;10000;ul.;Bony;Królowej;2019-09-18
22;61;01;1;0933016;10003;ul.;Jadwigi;Królowej;2019-09-18
22;61;01;1;0933016;09960;ul.;Krosienka;;2019-09-18
22;61;01;1;0933016;09962;ul.;Krosna;;2019-09-18
22;61;01;1;0933016;10009;ul.;Krótka;;2019-09-18
22;61;01;1;0933016;09971;ul.;Krowia;;2019-09-18
22;61;01;1;0933016;09972;ul.;Krowoderska;;2019-09-18
22;61;01;1;0933016;10013;ul.;Krucza;;2019-09-18
22;61;01;1;0933016;10045;ul.;Kruszwicka;;2019-09-18
22;61;01;1;0933016;10058;ul.;Krylowa;;2019-09-18
22;61;01;1;0933016;10062;ul.;Krynicka;;2019-09-18
22;61;01;1;0933016;10066;ul.;Kryniczna;;2019-09-18
22;61;01;1;0933016;10081;ul.;Kryształowa;;2019-09-18
22;61;01;1;0933016;10107;ul.;Krzemowa;;2019-09-18
22;61;01;1;0933016;00393;ul.;Arciszewskiego;Krzysztofa;2019-09-18
22;61;01;1;0933016;00569;ul.;Baczyńskiego;Krzysztofa Kamila;2019-09-18
22;61;01;1;0933016;44173;skwer;Kolbergera;Krzysztofa;2019-09-18
22;61;01;1;0933016;08986;ul.;Kolumba;Krzysztofa;2019-09-18
22;61;01;1;0933016;09050;ul.;Komedy;Krzysztofa;2019-09-18
22;61;01;1;0933016;13428;ul.;Mrongowiusza;Krzysztofa;2019-09-18
22;61;01;1;0933016;10157;ul.;Krzywa;;2019-09-18
22;61;01;1;0933016;21645;ul.;Sychty;ks. Bernarda;2019-09-18
22;61;01;1;0933016;09080;pl.;Komorowskiego;ks. Bronisława;2019-09-18
22;61;01;1;0933016;41029;ul.;Rogaczewskiego;ks. Franciszka;2019-09-18
22;61;01;1;0933016;31787;ul.;Majdera;ks. Jana;2019-09-18
22;61;01;1;0933016;17149;ul.;Popiełuszki;ks. Jerzego;2019-09-18
22;61;01;1;0933016;32839;ul.;Tischnera;ks. Józefa;2019-09-18
22;61;01;1;0933016;33339;pl.;Zator-Przytockiego;ks. Józefa;2019-09-18
22;61;01;1;0933016;38150;ul.;Zator-Przytockiego;ks. Józefa;2019-09-18
22;61;01;1;0933016;41026;ul.;Miszewskiego;ks. Leona;2019-09-18
22;61;01;1;0933016;05933;ul.;Góreckiego;ks. Mariana;2019-09-18
22;61;01;1;0933016;28757;pl.;Gustkowicza;ks. Prałata Jana;2019-09-18
22;61;01;1;0933016;04399;ul.;Dunikowskiego;Ksawerego;2019-09-18
22;61;01;1;0933016;17113;ul.;Poniatowskiego;Księcia Józefa;2019-09-18
22;61;01;1;0933016;39250;ul.;Robaka;Księdza;2019-09-18
22;61;01;1;0933016;10268;ul.;Księżycowa;;2019-09-18
22;61;01;1;0933016;10284;ul.;Ku Ujściu;;2019-09-18
22;61;01;1;0933016;10316;ul.;Kubusia Puchatka;;2019-09-18
22;61;01;1;0933016;10344;ul.;Kujawska;;2019-09-18
22;61;01;1;0933016;10412;ul.;Kupały;;2019-09-18
22;61;01;1;0933016;10417;ul.;Kupiecka;;2019-09-18
22;61;01;1;0933016;10439;ul.;Kurierów Armii Krajowej;;2019-09-18
22;61;01;1;0933016;10444;ul.;Kurkowa;;2019-09-18
22;61;01;1;0933016;10473;ul.;Kurza;;2019-09-18
22;61;01;1;0933016;10500;ul.;Kuśnierska;;2019-09-18
22;61;01;1;0933016;10498;ul.;Kuszników;;2019-09-18
22;61;01;1;0933016;10502;ul.;Kutnowska;;2019-09-18
22;61;01;1;0933016;10562;ul.;Kwiatowa;;2019-09-18
22;61;01;1;0933016;10572;ul.;Kwidzyńska;;2019-09-18
22;61;01;1;0933016;10574;ul.;Kwietna;;2019-09-18
22;61;01;1;0933016;10582;ul.;Kwietniowa;;2019-09-18
22;61;01;1;0933016;11474;ul.;Łabędzia;;2019-09-18
22;61;01;1;0933016;11499;ul.;Łagiewniki;;2019-09-18
22;61;01;1;0933016;11503;ul.;Łagowska;;2019-09-18
22;61;01;1;0933016;11596;ul.;Łąkowa;;2019-09-18
22;61;01;1;0933016;11507;ul.;Łamana;;2019-09-18
22;61;01;1;0933016;11518;ul.;Łańcucka;;2019-09-18
22;61;01;1;0933016;11512;ul.;Łanowa;;2019-09-18
22;61;01;1;0933016;27384;ul.;Łapalicka;;2019-09-18
22;61;01;1;0933016;11522;ul.;Łapińska;;2019-09-18
22;61;01;1;0933016;10693;ul.;Lastadia;;2019-09-18
22;61;01;1;0933016;10697;ul.;Latarniana;;2019-09-18
22;61;01;1;0933016;10718;ul.;Lawendowa;;2019-09-18
22;61;01;1;0933016;46771;ul.;Lawendowe Wzgórze;;2019-09-18
22;61;01;1;0933016;11548;ul.;Ławnicza;;2019-09-18
22;61;01;1;0933016;10726;ul.;Lazurowa;;2019-09-18
22;61;01;1;0933016;11008;ul.;Lęborska;;2019-09-18
22;61;01;1;0933016;10737;ul.;Lecha;;2019-09-18
22;61;01;1;0933016;00935;ul.;Bądkowskiego;Lecha;2019-09-18
22;61;01;1;0933016;11607;ul.;Łęczycka;;2019-09-18
22;61;01;1;0933016;30187;ul.;Ledy;;2019-09-18
22;61;01;1;0933016;10760;ul.;Legendy;;2019-09-18
22;61;01;1;0933016;11611;ul.;Łęgi;;2019-09-18
22;61;01;1;0933016;10766;al.;Legionów;;2019-09-18
22;61;01;1;0933016;10780;ul.;Legnicka;;2019-09-18
22;61;01;1;0933016;10788;ul.;Lektykarska;;2019-09-18
22;61;01;1;0933016;04255;ul.;Droszyńskiego;Leona;2019-09-18
22;61;01;1;0933016;24963;ul.;Wyczółkowskiego;Leona;2019-09-18
22;61;01;1;0933016;22738;ul.;Teligi;Leonida;2019-09-18
22;61;01;1;0933016;10898;ul.;Leśna;;2019-09-18
22;61;01;1;0933016;10901;ul.;Leśna Góra;;2019-09-18
22;61;01;1;0933016;37630;ul.;Leśny Potok;;2019-09-18
22;61;01;1;0933016;10959;ul.;Leśny Stok;;2019-09-18
22;61;01;1;0933016;10870;ul.;Leszczynowa;;2019-09-18
22;61;01;1;0933016;10874;ul.;Leszczyńskich;;2019-09-18
22;61;01;1;0933016;10883;ul.;Leszka Białego;;2019-09-18
22;61;01;1;0933016;10966;ul.;Letnia;;2019-09-18
22;61;01;1;0933016;10967;ul.;Letnicka;;2019-09-18
22;61;01;1;0933016;10972;ul.;Letniskowa;;2019-09-18
22;61;01;1;0933016;10999;ul.;Lewkoniowa;;2019-09-18
22;61;01;1;0933016;39596;ul.;Leźnieńska;;2019-09-18
22;61;01;1;0933016;11067;ul.;Liliowa;;2019-09-18
22;61;01;1;0933016;11068;ul.;Lilli Wenedy;;2019-09-18
22;61;01;1;0933016;11075;ul.;Limbowa;;2019-09-18
22;61;01;1;0933016;11109;ul.;Lipce;;2019-09-18
22;61;01;1;0933016;11110;ul.;Lipcowa;;2019-09-18
22;61;01;1;0933016;11139;ul.;Lipowa;;2019-09-18
22;61;01;1;0933016;29220;ul.;Lipuska;;2019-09-18
22;61;01;1;0933016;11160;ul.;Lirowa;;2019-09-18
22;61;01;1;0933016;11176;ul.;Lisia Grobla;;2019-09-18
22;61;01;1;0933016;11197;ul.;Listki;;2019-09-18
22;61;01;1;0933016;11223;ul.;Litewska;;2019-09-18
22;61;01;1;0933016;11710;ul.;Łódzka;;2019-09-18
22;61;01;1;0933016;11671;ul.;Łosia;;2019-09-18
22;61;01;1;0933016;11684;ul.;Łostowicka;;2019-09-18
22;61;01;1;0933016;11282;ul.;Lotników Polskich;;2019-09-18
22;61;01;1;0933016;11689;ul.;Łowców;;2019-09-18
22;61;01;1;0933016;11694;ul.;Łowicka;;2019-09-18
22;61;01;1;0933016;11707;ul.;Łozy;;2019-09-18
22;61;01;1;0933016;11299;ul.;Lubczykowa;;2019-09-18
22;61;01;1;0933016;11307;ul.;Lubelska;;2019-09-18
22;61;01;1;0933016;11331;ul.;Lublewska;;2019-09-18
22;61;01;1;0933016;22026;ul.;Szopińskiego;Lubomira;2019-09-18
22;61;01;1;0933016;11357;ul.;Lubowidzka;;2019-09-18
22;61;01;1;0933016;11365;ul.;Lubuska;;2019-09-18
22;61;01;1;0933016;10100;ul.;Krzemienieckiej;Lucyny;2019-09-18
22;61;01;1;0933016;11738;ul.;Łucznicza;;2019-09-18
22;61;01;1;0933016;19021;ul.;Różyckiego;Ludomira;2019-09-18
22;61;01;1;0933016;11383;ul.;Ludowa;;2019-09-18
22;61;01;1;0933016;00968;ul.;Beethovena;Ludwika;2019-09-18
22;61;01;1;0933016;06667;ul.;Hirszfelda;Ludwika;2019-09-18
22;61;01;1;0933016;12810;ul.;Mierosławskiego;Ludwika;2019-09-18
22;61;01;1;0933016;15778;ul.;Pasteura;Ludwika;2019-09-18
22;61;01;1;0933016;19216;ul.;Rydygiera;Ludwika;2019-09-18
22;61;01;1;0933016;20551;ul.;Solskiego;Ludwika;2019-09-18
22;61;01;1;0933016;23707;ul.;Waryńskiego;Ludwika;2019-09-18
22;61;01;1;0933016;25536;ul.;Zamenhofa;Ludwika;2019-09-18
22;61;01;1;0933016;36827;ul.;Dziekuć-Maleja;Łukasza;2019-09-18
22;61;01;1;0933016;11453;ul.;Lutniowa;;2019-09-18
22;61;01;1;0933016;11793;ul.;Łużycka;;2019-09-18
22;61;01;1;0933016;11467;ul.;Lwowska;;2019-09-18
22;61;01;1;0933016;11815;ul.;Łyżwiarska;;2019-09-18
22;61;01;1;0933016;11833;ul.;Macieja;;2019-09-18
22;61;01;1;0933016;07895;ul.;Kamieńskiego;Macieja;2019-09-18
22;61;01;1;0933016;11843;ul.;Maciejkowa;;2019-09-18
22;61;01;1;0933016;11850;ul.;Macierzankowa;;2019-09-18
22;61;01;1;0933016;41024;ul.;Macierzy Szkolnej w Gdańsku;;2019-09-18
22;61;01;1;0933016;41025;ul.;Magellana;;2019-09-18
22;61;01;1;0933016;11908;ul.;Magnoliowa;;2019-09-18
22;61;01;1;0933016;11964;ul.;Majewskich;;2019-09-18
22;61;01;1;0933016;11988;ul.;Majowa;;2019-09-18
22;61;01;1;0933016;11996;ul.;Maki;;2019-09-18
22;61;01;1;0933016;05511;ul.;Gierymskiego;Maksymiliana;2019-09-18
22;61;01;1;0933016;12031;ul.;Malborska;;2019-09-18
22;61;01;1;0933016;12065;ul.;Malinowa;;2019-09-18
22;61;01;1;0933016;12183;ul.;Małomiejska;;2019-09-18
22;61;01;1;0933016;12186;ul.;Małoogrodowa;;2019-09-18
22;61;01;1;0933016;12234;ul.;Manifestu Połanieckiego;;2019-09-18
22;61;01;1;0933016;04158;ul.;Dragana;Marcina;2019-09-18
22;61;01;1;0933016;12311;ul.;Marcowa;;2019-09-18
22;61;01;1;0933016;12327;ul.;Mariacka;;2019-09-18
22;61;01;1;0933016;27624;ul.;Chodackiego;Mariana;2019-09-18
22;61;01;1;0933016;06591;ul.;Hemara;Mariana;2019-09-18
22;61;01;1;0933016;42657;ul.;Kołodzieja;Mariana;2019-09-18
22;61;01;1;0933016;42796;ul.;Pelczara;Mariana;2019-09-18
22;61;01;1;0933016;19695;ul.;Seredyńskiego;Mariana;2019-09-18
22;61;01;1;0933016;20372;ul.;Smoluchowskiego;Mariana;2019-09-18
22;61;01;1;0933016;09186;ul.;Konopnickiej;Marii;2019-09-18
22;61;01;1;0933016;40861;ul.;Kureckiej;Marii;2019-09-18
22;61;01;1;0933016;12348;ul.;Marii Ludwiki;;2019-09-18
22;61;01;1;0933016;20068;ul.;Skłodowskiej-Curie;Marii;2019-09-18
22;61;01;1;0933016;25675;ul.;Zaruskiego;Mariusza;2019-09-18
22;61;01;1;0933016;12390;ul.;Marsa;;2019-09-18
22;61;01;1;0933016;05096;ul.;Focha;marsz. Ferdynanda;2019-09-18
22;61;01;1;0933016;16272;pl.;Piłsudskiego;marsz. Józefa;2019-09-18
22;61;01;1;0933016;12423;ul.;Maryli;;2019-09-18
22;61;01;1;0933016;12425;ul.;Marynarki Polskiej;;2019-09-18
22;61;01;1;0933016;12427;ul.;Marynarska;;2019-09-18
22;61;01;1;0933016;12444;ul.;Marzeń;;2019-09-18
22;61;01;1;0933016;12471;ul.;Maszynowa;;2019-09-18
22;61;01;1;0933016;12482;ul.;Matecznikowa;;2019-09-18
22;61;01;1;0933016;12495;ul.;Matemblewska;;2019-09-18
22;61;01;1;0933016;12501;ul.;Matki Polki;;2019-09-18
22;61;01;1;0933016;01034;ul.;Beniowskiego;Maurycego;2019-09-18
22;61;01;1;0933016;12540;ul.;Mazowiecka;;2019-09-18
22;61;01;1;0933016;12555;ul.;Mazurska;;2019-09-18
22;61;01;1;0933016;12610;ul.;Menonitów;;2019-09-18
22;61;01;1;0933016;12618;ul.;Merkurego;;2019-09-18
22;61;01;1;0933016;12632;ul.;Metalowców;;2019-09-18
22;61;01;1;0933016;12636;ul.;Meteorytowa;;2019-09-18
22;61;01;1;0933016;12646;ul.;Mewy;;2019-09-18
22;61;01;1;0933016;44174;ul.;Mezowska;;2019-09-18
22;61;01;1;0933016;12670;ul.;Miałki Szlak;;2019-09-18
22;61;01;1;0933016;31488;ul.;Borowskiego;Michała;2019-09-18
22;61;01;1;0933016;05574;ul.;Glinki;Michała;2019-09-18
22;61;01;1;0933016;26962;ul.;Ogińskiego;Michała;2019-09-18
22;61;01;1;0933016;12701;ul.;Michałki;;2019-09-18
22;61;01;1;0933016;39764;ul.;Miechucińska;;2019-09-18
22;61;01;1;0933016;01586;ul.;Boguckiego;Mieczysława;2019-09-18
22;61;01;1;0933016;08058;ul.;Karłowicza;Mieczysława;2019-09-18
22;61;01;1;0933016;14140;ul.;Niedziałkowskiego;Mieczysława;2019-09-18
22;61;01;1;0933016;03542;ul.;Ćwiklińskiej;Mieczysławy;2019-09-18
22;61;01;1;0933016;12764;ul.;Miedza;;2019-09-18
22;61;01;1;0933016;12765;ul.;Miedziana;;2019-09-18
22;61;01;1;0933016;12849;ul.;Międzygwiezdna;;2019-09-18
22;61;01;1;0933016;12825;ul.;Mieszczańska;;2019-09-18
22;61;01;1;0933016;12832;ul.;Mieszka I;;2019-09-18
22;61;01;1;0933016;12875;ul.;Migdałowa;;2019-09-18
22;61;01;1;0933016;12878;ul.;Migowska;;2019-09-18
22;61;01;1;0933016;04589;ul.;Działyńskiego;Mikołaja;2019-09-18
22;61;01;1;0933016;05790;ul.;Gomółki;Mikołaja;2019-09-18
22;61;01;1;0933016;09282;ul.;Kopernika;Mikołaja;2019-09-18
22;61;01;1;0933016;18565;ul.;Reja;Mikołaja;2019-09-18
22;61;01;1;0933016;12947;ul.;Miła;;2019-09-18
22;61;01;1;0933016;12957;ul.;Miłocińska;;2019-09-18
22;61;01;1;0933016;12961;ul.;Miłosna;;2019-09-18
22;61;01;1;0933016;12976;ul.;Minerwy;;2019-09-18
22;61;01;1;0933016;12985;ul.;Minogi;;2019-09-18
22;61;01;1;0933016;12991;ul.;Miodowa;;2019-09-18
22;61;01;1;0933016;12994;ul.;Mirachowska;;2019-09-18
22;61;01;1;0933016;12997;ul.;Mirandy;;2019-09-18
22;61;01;1;0933016;28240;ul.;Białoszewskiego;Mirona;2019-09-18
22;61;01;1;0933016;21499;ul.;Sucharskiego;mjr. Henryka;2019-09-18
22;61;01;1;0933016;06771;ul.;Hubala;mjr.;2019-09-18
22;61;01;1;0933016;34424;ul.;Łupaszko;mjr.;2019-09-18
22;61;01;1;0933016;20192;ul.;Słabego;mjr. Mieczysława;2019-09-18
22;61;01;1;0933016;13102;ul.;Młodzieży Polskiej;;2019-09-18
22;61;01;1;0933016;13132;ul.;Młyńska;;2019-09-18
22;61;01;1;0933016;13143;ul.;Mniszki;;2019-09-18
22;61;01;1;0933016;13174;ul.;Modra;;2019-09-18
22;61;01;1;0933016;13184;ul.;Modrzewiowa;;2019-09-18
22;61;01;1;0933016;13211;ul.;Mokra;;2019-09-18
22;61;01;1;0933016;13250;ul.;Montażystów;;2019-09-18
22;61;01;1;0933016;13269;ul.;Morawska;;2019-09-18
22;61;01;1;0933016;13283;ul.;Morelowa;;2019-09-18
22;61;01;1;0933016;13285;ul.;Morenowa;;2019-09-18
22;61;01;1;0933016;37947;ul.;Morenowe Wzgórze;;2019-09-18
22;61;01;1;0933016;13296;ul.;Morska;;2019-09-18
22;61;01;1;0933016;54736;inne;Most 100-lecia Odzyskania Niepodległości Polski;;2019-09-18
22;61;01;1;0933016;13374;ul.;Mostek;;2019-09-18
22;61;01;1;0933016;13379;ul.;Mostowa;;2019-09-18
22;61;01;1;0933016;13395;ul.;Motławska;;2019-09-18
22;61;01;1;0933016;13462;ul.;Mściwoja II;;2019-09-18
22;61;01;1;0933016;13532;ul.;Mydlarska;;2019-09-18
22;61;01;1;0933016;13536;ul.;Mylna;;2019-09-18
22;61;01;1;0933016;13554;ul.;Myśliborska;;2019-09-18
22;61;01;1;0933016;13563;ul.;Myśliwska;;2019-09-18
22;61;01;1;0933016;40696;ul.;Myśliwskie Wzgórze;;2019-09-18
22;61;01;1;0933016;13640;ul.;Na Ostrowiu;;2019-09-18
22;61;01;1;0933016;13641;ul.;Na Piaskach;;2019-09-18
22;61;01;1;0933016;13676;ul.;Na Stępce;;2019-09-18
22;61;01;1;0933016;13678;ul.;Na Stoku;;2019-09-18
22;61;01;1;0933016;13681;ul.;Na Szańcach;;2019-09-18
22;61;01;1;0933016;13706;ul.;Na Wzgórzu;;2019-09-18
22;61;01;1;0933016;13709;ul.;Na Zaspę;;2019-09-18
22;61;01;1;0933016;13712;ul.;Na Zboczu;;2019-09-18
22;61;01;1;0933016;13743;ul.;Nad Brzegiem;;2019-09-18
22;61;01;1;0933016;13756;ul.;Nad Jarem;;2019-09-18
22;61;01;1;0933016;13797;ul.;Nad Potokiem;;2019-09-18
22;61;01;1;0933016;13821;ul.;Nad Starą Radunią;;2019-09-18
22;61;01;1;0933016;13823;ul.;Nad Stawem;;2019-09-18
22;61;01;1;0933016;13888;ul.;Nadmorska;;2019-09-18
22;61;01;1;0933016;43131;ul.;Nadmorski Dwór;;2019-09-18
22;61;01;1;0933016;13915;ul.;Nadwiślańska;;2019-09-18
22;61;01;1;0933016;13921;ul.;Nadwodna;;2019-09-18
22;61;01;1;0933016;13927;ul.;Naftowa;;2019-09-18
22;61;01;1;0933016;13930;ul.;Nagietkowa;;2019-09-18
22;61;01;1;0933016;29871;pl.;Najświętszej Maryi Panny;;2019-09-18
22;61;01;1;0933016;13949;ul.;Nakielska;;2019-09-18
22;61;01;1;0933016;13996;ul.;Narciarska;;2019-09-18
22;61;01;1;0933016;13998;ul.;Narcyzowa;;2019-09-18
22;61;01;1;0933016;14000;ul.;Narewska;;2019-09-18
22;61;01;1;0933016;14022;ul.;Narwicka;;2019-09-18
22;61;01;1;0933016;14051;ul.;Nawigatorów;;2019-09-18
22;61;01;1;0933016;14083;ul.;Neptuna;;2019-09-18
22;61;01;1;0933016;15545;ul.;Paganiniego;Niccola;2019-09-18
22;61;01;1;0933016;14107;ul.;Nidzicka;;2019-09-18
22;61;01;1;0933016;14112;ul.;Nieborowska;;2019-09-18
22;61;01;1;0933016;14116;ul.;Niecała;;2019-09-18
22;61;01;1;0933016;14148;ul.;Niedźwiednik;;2019-09-18
22;61;01;1;0933016;14154;ul.;Niegocińska;;2019-09-18
22;61;01;1;0933016;14169;ul.;Niegowo;;2019-09-18
22;61;01;1;0933016;14171;ul.;Niegowska;;2019-09-18
22;61;01;1;0933016;14209;ul.;Niepołomicka;;2019-09-18
22;61;01;1;0933016;14246;ul.;Niezapominajek;;2019-09-18
22;61;01;1;0933016;14255;ul.;Nike;;2019-09-18
22;61;01;1;0933016;14264;ul.;Niska;;2019-09-18
22;61;01;1;0933016;14276;ul.;Niwki;;2019-09-18
22;61;01;1;0933016;14329;ul.;Notecka;;2019-09-18
22;61;01;1;0933016;14330;ul.;Nowa;;2019-09-18
22;61;01;1;0933016;14363;ul.;Nowatorów;;2019-09-18
22;61;01;1;0933016;14370;ul.;Nowe Ogrody;;2019-09-18
22;61;01;1;0933016;38481;ul.;Nowiec;;2019-09-18
22;61;01;1;0933016;14402;ul.;Nowiny;;2019-09-18
22;61;01;1;0933016;14428;ul.;Nowogródzka;;2019-09-18
22;61;01;1;0933016;14441;ul.;Nowolipie;;2019-09-18
22;61;01;1;0933016;14444;ul.;Nowomiejska;;2019-09-18
22;61;01;1;0933016;14467;ul.;Nowosądecka;;2019-09-18
22;61;01;1;0933016;14485;ul.;Nowotna;;2019-09-18
22;61;01;1;0933016;14535;ul.;Nowy Świat;;2019-09-18
22;61;01;1;0933016;14596;ul.;Obotrycka;;2019-09-18
22;61;01;1;0933016;14638;pl.;Obrońców Poczty Polskiej;;2019-09-18
22;61;01;1;0933016;14655;ul.;Obrońców Westerplatte;;2019-09-18
22;61;01;1;0933016;14663;ul.;Obrońców Wybrzeża;;2019-09-18
22;61;01;1;0933016;14686;ul.;Obywatelska;;2019-09-18
22;61;01;1;0933016;14770;ul.;Odrzańska;;2019-09-18
22;61;01;1;0933016;29219;ul.;Odyseusza;;2019-09-18
22;61;01;1;0933016;28040;ul.;Ofiar Grudnia 70;;2019-09-18
22;61;01;1;0933016;14808;ul.;Ogarna;;2019-09-18
22;61;01;1;0933016;14834;ul.;Ogrodowa;;2019-09-18
22;61;01;1;0933016;14862;ul.;Ojcowska;;2019-09-18
22;61;01;1;0933016;14890;ul.;Okólna;;2019-09-18
22;61;01;1;0933016;14886;ul.;Okopowa;;2019-09-18
22;61;01;1;0933016;14893;ul.;Okrąg;;2019-09-18
22;61;01;1;0933016;14902;ul.;Okrętowa;;2019-09-18
22;61;01;1;0933016;14919;ul.;Oksywska;;2019-09-18
22;61;01;1;0933016;14945;ul.;Olchowa;;2019-09-18
22;61;01;1;0933016;14956;ul.;Olejarna;;2019-09-18
22;61;01;1;0933016;14989;ul.;Olimpijska;;2019-09-18
22;61;01;1;0933016;14991;ul.;Oliwkowa;;2019-09-18
22;61;01;1;0933016;14994;ul.;Oliwska;;2019-09-18
22;61;01;1;0933016;15036;ul.;Ołowianka;;2019-09-18
22;61;01;1;0933016;15016;ul.;Olsztyńska;;2019-09-18
22;61;01;1;0933016;15027;ul.;Olszyńska;;2019-09-18
22;61;01;1;0933016;15055;ul.;Opacka;;2019-09-18
22;61;01;1;0933016;19173;ul.;Rybińskiego;Opata Jacka;2019-09-18
22;61;01;1;0933016;15089;ul.;Opłotki;;2019-09-18
22;61;01;1;0933016;15095;ul.;Opolska;;2019-09-18
22;61;01;1;0933016;15110;ul.;Orańska;;2019-09-18
22;61;01;1;0933016;15130;ul.;Orfeusza;;2019-09-18
22;61;01;1;0933016;15138;ul.;Oriona;;2019-09-18
22;61;01;1;0933016;15141;ul.;Orla;;2019-09-18
22;61;01;1;0933016;15148;ul.;Orląt Lwowskich;;2019-09-18
22;61;01;1;0933016;15177;ul.;Orłowska;;2019-09-18
22;61;01;1;0933016;15190;ul.;Ornitologów;;2019-09-18
22;61;01;1;0933016;15197;pl.;Oruński;;2019-09-18
22;61;01;1;0933016;15202;ul.;Orzechowa;;2019-09-18
22;61;01;1;0933016;15239;ul.;Osiedle;;2019-09-18
22;61;01;1;0933016;15300;ul.;Osiedlowa;;2019-09-18
22;61;01;1;0933016;15304;ul.;Osiek;;2019-09-18
22;61;01;1;0933016;08812;ul.;Kolberga;Oskara;2019-09-18
22;61;01;1;0933016;35470;ul.;Osowski Zakątek;;2019-09-18
22;61;01;1;0933016;15382;ul.;Ostrołęcka;;2019-09-18
22;61;01;1;0933016;15406;ul.;Ostróżek;;2019-09-18
22;61;01;1;0933016;15415;ul.;Ostrzycka;;2019-09-18
22;61;01;1;0933016;15417;ul.;Osty;;2019-09-18
22;61;01;1;0933016;38482;ul.;Otago;;2019-09-18
22;61;01;1;0933016;15451;ul.;Otomińska;;2019-09-18
22;61;01;1;0933016;15463;ul.;Otwarta;;2019-09-18
22;61;01;1;0933016;15470;ul.;Owczarnia;;2019-09-18
22;61;01;1;0933016;15481;ul.;Owsiana;;2019-09-18
22;61;01;1;0933016;15493;ul.;Ozyrysa;;2019-09-18
22;61;01;1;0933016;15511;ul.;Pachołów;;2019-09-18
22;61;01;1;0933016;15548;ul.;Pagórkowa;;2019-09-18
22;61;01;1;0933016;15611;ul.;Pana Tadeusza;;2019-09-18
22;61;01;1;0933016;15628;ul.;Panieńska;;2019-09-18
22;61;01;1;0933016;15648;ul.;Pańska;;2019-09-18
22;61;01;1;0933016;48641;park;Park im. ks. Bronisława Kabata;;2019-09-18
22;61;01;1;0933016;52522;park;Park im. Św. Barbary;;2019-09-18
22;61;01;1;0933016;54169;park;Park Jelitkowski;;2019-09-18
22;61;01;1;0933016;54170;park;Park Ks. Kanonika Kazimierza Orkusza;;2019-09-18
22;61;01;1;0933016;53327;park;Park Oruński im. Emilii Hoene;;2019-09-18
22;61;01;1;0933016;54171;park;Park Steffensów;;2019-09-18
22;61;01;1;0933016;15707;ul.;Parkingowa;;2019-09-18
22;61;01;1;0933016;15710;ul.;Parkowa;;2019-09-18
22;61;01;1;0933016;15726;ul.;Parterowa;;2019-09-18
22;61;01;1;0933016;15733;ul.;Partyzantów;;2019-09-18
22;61;01;1;0933016;15740;ul.;Parysa;;2019-09-18
22;61;01;1;0933016;15763;ul.;Pasieczna;;2019-09-18
22;61;01;1;0933016;15773;ul.;Pastelowa;;2019-09-18
22;61;01;1;0933016;15832;ul.;Pawia;;2019-09-18
22;61;01;1;0933016;05430;ul.;Gdańca;Pawła;2019-09-18
22;61;01;1;0933016;15909;ul.;Pegaza;;2019-09-18
22;61;01;1;0933016;15919;ul.;Pelplińska;;2019-09-18
22;61;01;1;0933016;15932;ul.;Penelopy;;2019-09-18
22;61;01;1;0933016;15953;ul.;Perłowa;;2019-09-18
22;61;01;1;0933016;15956;ul.;Perseusza;;2019-09-18
22;61;01;1;0933016;16033;ul.;Piaskowa;;2019-09-18
22;61;01;1;0933016;16046;ul.;Piastowska;;2019-09-18
22;61;01;1;0933016;16076;ul.;Piecewska;;2019-09-18
22;61;01;1;0933016;16110;ul.;Piekarnicza;;2019-09-18
22;61;01;1;0933016;16132;ul.;Pienińska;;2019-09-18
22;61;01;1;0933016;16164;ul.;Piesza;;2019-09-18
22;61;01;1;0933016;16246;ul.;Piłkarska;;2019-09-18
22;61;01;1;0933016;16237;ul.;Pilotów;;2019-09-18
22;61;01;1;0933016;03235;ul.;Czajkowskiego;Piotra;2019-09-18
22;61;01;1;0933016;12716;ul.;Michałowskiego;Piotra;2019-09-18
22;61;01;1;0933016;14310;ul.;Norblina;Piotra;2019-09-18
22;61;01;1;0933016;16308;ul.;Piotrkowska;;2019-09-18
22;61;01;1;0933016;16370;ul.;Piwna;;2019-09-18
22;61;01;1;0933016;16379;ul.;Piwonii;;2019-09-18
22;61;01;1;0933016;43561;pl.;Plac Dwóch Miast;;2019-09-18
22;61;01;1;0933016;27628;pl.;Plac Solidarności;;2019-09-18
22;61;01;1;0933016;51027;pl.;Plac Władysława Bartoszewskiego;;2019-09-18
22;61;01;1;0933016;16425;ul.;Planetarna;;2019-09-18
22;61;01;1;0933016;16455;ul.;Platynowa;;2019-09-18
22;61;01;1;0933016;41065;ul.;Plebania;;2019-09-18
22;61;01;1;0933016;30844;ul.;Plejady;;2019-09-18
22;61;01;1;0933016;45738;ul.;Pałubickiego;płk. Jana;2019-09-18
22;61;01;1;0933016;24302;ul.;Wilka-Krzyżanowskiego;płk.;2019-09-18
22;61;01;1;0933016;16511;ul.;Płocka;;2019-09-18
22;61;01;1;0933016;16521;ul.;Płońska;;2019-09-18
22;61;01;1;0933016;16530;ul.;Płowce;;2019-09-18
22;61;01;1;0933016;16484;ul.;Plutona;;2019-09-18
22;61;01;1;0933016;16555;ul.;Po Schodkach;;2019-09-18
22;61;01;1;0933016;16558;ul.;Pobiedzisko;;2019-09-18
22;61;01;1;0933016;16579;ul.;Pocztowa;;2019-09-18
22;61;01;1;0933016;16582;ul.;Poczty Gdańskiej;;2019-09-18
22;61;01;1;0933016;16685;ul.;Pod Zrębem;;2019-09-18
22;61;01;1;0933016;16690;ul.;Podbielańska;;2019-09-18
22;61;01;1;0933016;16713;ul.;Podchorążych;;2019-09-18
22;61;01;1;0933016;16737;ul.;Podgarbary;;2019-09-18
22;61;01;1;0933016;16756;ul.;Podhalańska;;2019-09-18
22;61;01;1;0933016;16760;ul.;Podjazd;;2019-09-18
22;61;01;1;0933016;16764;ul.;Podkarpacka;;2019-09-18
22;61;01;1;0933016;16773;ul.;Podkomorzego;;2019-09-18
22;61;01;1;0933016;16783;ul.;Podkramarska;;2019-09-18
22;61;01;1;0933016;16799;ul.;Podleśna;;2019-09-18
22;61;01;1;0933016;16816;ul.;Podmiejska;;2019-09-18
22;61;01;1;0933016;16823;ul.;Podmłyńska;;2019-09-18
22;61;01;1;0933016;16826;ul.;Podmurze;;2019-09-18
22;61;01;1;0933016;16860;ul.;Podstoczna;;2019-09-18
22;61;01;1;0933016;16877;ul.;Podwale Grodzkie;;2019-09-18
22;61;01;1;0933016;16878;ul.;Podwale Przedmiejskie;;2019-09-18
22;61;01;1;0933016;16879;ul.;Podwale Staromiejskie;;2019-09-18
22;61;01;1;0933016;16894;ul.;Podzamcze;;2019-09-18
22;61;01;1;0933016;16900;ul.;Pogodna;;2019-09-18
22;61;01;1;0933016;16924;ul.;Pohulanka;;2019-09-18
22;61;01;1;0933016;16936;ul.;Pokładowa;;2019-09-18
22;61;01;1;0933016;43306;ul.;Lechii Gdańsk;Pokoleń;2019-09-18
22;61;01;1;0933016;16974;ul.;Polanki;;2019-09-18
22;61;01;1;0933016;17059;ul.;Połczyńska;;2019-09-18
22;61;01;1;0933016;16989;ul.;Poleska;;2019-09-18
22;61;01;1;0933016;17061;ul.;Połęże;;2019-09-18
22;61;01;1;0933016;05713;ul.;Gojawiczyńskiej;Poli;2019-09-18
22;61;01;1;0933016;16999;ul.;Politechniczna;;2019-09-18
22;61;01;1;0933016;17011;ul.;Polna;;2019-09-18
22;61;01;1;0933016;17414;ul.;Pólnicy;;2019-09-18
22;61;01;1;0933016;17421;ul.;Północna;;2019-09-18
22;61;01;1;0933016;17024;ul.;Polonii Gdańskiej;;2019-09-18
22;61;01;1;0933016;17039;ul.;Polskiego Czerwonego Krzyża;;2019-09-18
22;61;01;1;0933016;17070;ul.;Południowa;;2019-09-18
22;61;01;1;0933016;17088;ul.;Pomorska;;2019-09-18
22;61;01;1;0933016;31786;ul.;Pomyślna;;2019-09-18
22;61;01;1;0933016;17130;ul.;Pończoszników;;2019-09-18
22;61;01;1;0933016;17168;ul.;Popradzka;;2019-09-18
22;61;01;1;0933016;17171;ul.;Poprzeczna;;2019-09-18
22;61;01;1;0933016;17218;ul.;Portowców;;2019-09-18
22;61;01;1;0933016;17226;ul.;Porzeczkowa;;2019-09-18
22;61;01;1;0933016;17233;ul.;Posejdona;;2019-09-18
22;61;01;1;0933016;17272;ul.;Potęgowska;;2019-09-18
22;61;01;1;0933016;17298;ul.;Potokowa;;2019-09-18
22;61;01;1;0933016;17319;ul.;Powalna;;2019-09-18
22;61;01;1;0933016;17334;ul.;Powroźnicza;;2019-09-18
22;61;01;1;0933016;17368;ul.;Powstańców Warszawskich;;2019-09-18
22;61;01;1;0933016;17377;ul.;Powstańców Wielkopolskich;;2019-09-18
22;61;01;1;0933016;17337;ul.;Powstania Kościuszkowskiego;;2019-09-18
22;61;01;1;0933016;17338;ul.;Powstania Listopadowego;;2019-09-18
22;61;01;1;0933016;17340;ul.;Powstania Styczniowego;;2019-09-18
22;61;01;1;0933016;17407;ul.;Pożarnicza;;2019-09-18
22;61;01;1;0933016;17390;ul.;Poziomkowa;;2019-09-18
22;61;01;1;0933016;17394;ul.;Poznańska;;2019-09-18
22;61;01;1;0933016;34423;ul.;Pohoreckiego;ppłk.;2019-09-18
22;61;01;1;0933016;42474;ul.;Kaczyńskiego;Prezydenta Lecha;2019-09-18
22;61;01;1;0933016;37254;park;Reagana;Prezydenta Ronalda;2019-09-18
22;61;01;1;0933016;36662;ul.;Górnowicza;prof. Huberta;2019-09-18
22;61;01;1;0933016;41032;ul.;Więckowskiego;prof. Józefa;2019-09-18
22;61;01;1;0933016;41022;ul.;Kopeckiego;prof. Kazimierza;2019-09-18
22;61;01;1;0933016;54353;ul.;Osińskiego;prof. Mariana;2019-09-18
22;61;01;1;0933016;18266;ul.;Raciborskiego;prof. Mariana;2019-09-18
22;61;01;1;0933016;41031;ul.;Siedleckiego;prof. Michała;2019-09-18
22;61;01;1;0933016;42235;skwer;Gałuszki;prof. Pawła;2019-09-18
22;61;01;1;0933016;29217;ul.;Lipowicza;prof. Romana;2019-09-18
22;61;01;1;0933016;02553;ul.;Cebertowicza;prof. Romualda;2019-09-18
22;61;01;1;0933016;39594;ul.;Szpora;prof. Stanisława;2019-09-18
22;61;01;1;0933016;28238;ul.;Hausbrandta;prof. Stefana;2019-09-18
22;61;01;1;0933016;13529;ul.;Myczkowskiego;prof. Stefana;2019-09-18
22;61;01;1;0933016;48766;ul.;Andruszkiewicza;prof. Witolda;2019-09-18
22;61;01;1;0933016;41020;ul.;Kieturakisa;prof. Zdzisława;2019-09-18
22;61;01;1;0933016;41015;ul.;Czubińskiego;prof. Zygmunta;2019-09-18
22;61;01;1;0933016;17501;ul.;Profesorska;;2019-09-18
22;61;01;1;0933016;17530;ul.;Prometeusza;;2019-09-18
22;61;01;1;0933016;17531;ul.;Promienista;;2019-09-18
22;61;01;1;0933016;17538;ul.;Promowa;;2019-09-18
22;61;01;1;0933016;17547;ul.;Prosta;;2019-09-18
22;61;01;1;0933016;17557;ul.;Protazego;;2019-09-18
22;61;01;1;0933016;17568;ul.;Próżna;;2019-09-18
22;61;01;1;0933016;17630;ul.;Przebiśniegowa;;2019-09-18
22;61;01;1;0933016;17794;ul.;Przędzalnicza;;2019-09-18
22;61;01;1;0933016;17691;ul.;Przegalińska;;2019-09-18
22;61;01;1;0933016;17725;ul.;Przełom;;2019-09-18
22;61;01;1;0933016;17728;ul.;Przemian;;2019-09-18
22;61;01;1;0933016;17735;ul.;Przemyska;;2019-09-18
22;61;01;1;0933016;17742;ul.;Przemysłowa;;2019-09-18
22;61;01;1;0933016;17767;ul.;Przesmyk;;2019-09-18
22;61;01;1;0933016;17773;ul.;Przetoczna;;2019-09-18
22;61;01;1;0933016;17848;ul.;Przy Torze;;2019-09-18
22;61;01;1;0933016;17868;ul.;Przybrzeżna;;2019-09-18
22;61;01;1;0933016;17918;ul.;Przyjaciół;;2019-09-18
22;61;01;1;0933016;17921;ul.;Przyjazna;;2019-09-18
22;61;01;1;0933016;17933;ul.;Przyjemna;;2019-09-18
22;61;01;1;0933016;17970;ul.;Przyokopowa;;2019-09-18
22;61;01;1;0933016;17974;ul.;Przyrodników;;2019-09-18
22;61;01;1;0933016;18010;ul.;Przytulna;;2019-09-18
22;61;01;1;0933016;18015;ul.;Przywidzka;;2019-09-18
22;61;01;1;0933016;18049;ul.;Pszenna;;2019-09-18
22;61;01;1;0933016;18056;ul.;Ptasia;;2019-09-18
22;61;01;1;0933016;18079;ul.;Pucka;;2019-09-18
22;61;01;1;0933016;18178;ul.;Pusta;;2019-09-18
22;61;01;1;0933016;18243;ul.;Rabatki;;2019-09-18
22;61;01;1;0933016;18273;ul.;Racławicka;;2019-09-18
22;61;01;1;0933016;18292;ul.;Radarowa;;2019-09-18
22;61;01;1;0933016;18295;ul.;Radiowa;;2019-09-18
22;61;01;1;0933016;18306;ul.;Radna;;2019-09-18
22;61;01;1;0933016;18316;ul.;Radomska;;2019-09-18
22;61;01;1;0933016;18322;ul.;Radosna;;2019-09-18
22;61;01;1;0933016;18336;ul.;Radunicka;;2019-09-18
22;61;01;1;0933016;18337;ul.;Raduńska;;2019-09-18
22;61;01;1;0933016;18403;ul.;Rajska;;2019-09-18
22;61;01;1;0933016;18415;ul.;Rakietowa;;2019-09-18
22;61;01;1;0933016;18525;ul.;Reduta Dzik;;2019-09-18
22;61;01;1;0933016;18526;ul.;Reduta Miejska;;2019-09-18
22;61;01;1;0933016;18527;ul.;Reduta Miś;;2019-09-18
22;61;01;1;0933016;18528;ul.;Reduta Wilk;;2019-09-18
22;61;01;1;0933016;18529;ul.;Reduta Wyskok;;2019-09-18
22;61;01;1;0933016;18530;ul.;Reduta Żbik;;2019-09-18
22;61;01;1;0933016;18538;ul.;Refektarska;;2019-09-18
22;61;01;1;0933016;18541;ul.;Reformacka;;2019-09-18
22;61;01;1;0933016;18547;ul.;Regatowa;;2019-09-18
22;61;01;1;0933016;18566;ul.;Rejenta;;2019-09-18
22;61;01;1;0933016;18581;ul.;Rekowska;;2019-09-18
22;61;01;1;0933016;18588;ul.;Relaksowa;;2019-09-18
22;61;01;1;0933016;18599;ul.;Remusa;;2019-09-18
22;61;01;1;0933016;18603;ul.;Renesansowa;;2019-09-18
22;61;01;1;0933016;27625;ul.;de Plelo;Roberta;2019-09-18
22;61;01;1;0933016;05207;ul.;Fultona;Roberta;2019-09-18
22;61;01;1;0933016;19622;ul.;Schumana;Roberta;2019-09-18
22;61;01;1;0933016;18695;ul.;Robotnicza;;2019-09-18
22;61;01;1;0933016;18725;ul.;Rodzinna;;2019-09-18
22;61;01;1;0933016;18747;ul.;Rogalińska;;2019-09-18
22;61;01;1;0933016;18801;ul.;Rokitnikowa;;2019-09-18
22;61;01;1;0933016;18819;ul.;Rolna;;2019-09-18
22;61;01;1;0933016;03868;ul.;Dmowskiego;Romana;2019-09-18
22;61;01;1;0933016;14860;ul.;Ogryczaków;Romana i Apolonii;2019-09-18
22;61;01;1;0933016;25041;ul.;Wyrobka;Romana;2019-09-18
22;61;01;1;0933016;18842;ul.;Romańska;;2019-09-18
22;61;01;1;0933016;22965;ul.;Traugutta;Romualda;2019-09-18
22;61;01;1;0933016;55411;rondo;Rondo 4 Czerwca 1989 r.;;2019-09-18
22;61;01;1;0933016;50732;rondo;Rondo Graniczne Wolne Miasto Gdańsk - Rzeczpospolita Polska (1920 - 1939);;2019-09-18
22;61;01;1;0933016;48645;rondo;Rondo im. 77 pułku AK;;2019-09-18
22;61;01;1;0933016;55155;rondo;Rondo im. Anny Piaseckiej;;2019-09-18
22;61;01;1;0933016;50735;rondo;Rondo im. Guntera Grassa;;2019-09-18
22;61;01;1;0933016;48200;rondo;Rondo im. Mieczysława Jałowieckiego;;2019-09-18
22;61;01;1;0933016;48201;rondo;Rondo im. Raoula Wallenberga;;2019-09-18
22;61;01;1;0933016;53623;rondo;Rondo im. Stanisława Kowalskiego;;2019-09-18
22;61;01;1;0933016;50733;rondo;Rondo im. Tadeusza Bolduana;;2019-09-18
22;61;01;1;0933016;46170;rondo;Rondo im. Tadeusza Mazowieckiego;;2019-09-18
22;61;01;1;0933016;50509;rondo;Rondo Komitetu Obrony Robotników;;2019-09-18
22;61;01;1;0933016;41146;rondo;Rondo Ofiar Katynia;;2019-09-18
22;61;01;1;0933016;48359;rondo;Rondo Pamięci Męczeństwa Kresowian;;2019-09-18
22;61;01;1;0933016;44768;rondo;Rondo Pana Cogito;;2019-09-18
22;61;01;1;0933016;54738;rondo;Rondo Rybaków;;2019-09-18
22;61;01;1;0933016;18868;ul.;Rosiczki;;2019-09-18
22;61;01;1;0933016;18985;ul.;Równa;;2019-09-18
22;61;01;1;0933016;19000;ul.;Różana;;2019-09-18
22;61;01;1;0933016;32207;ul.;Różany Stok;;2019-09-18
22;61;01;1;0933016;18953;ul.;Rozłogi;;2019-09-18
22;61;01;1;0933016;18974;ul.;Rozwojowa;;2019-09-18
22;61;01;1;0933016;15395;ul.;Ostrowskiej;Róży;2019-09-18
22;61;01;1;0933016;19033;ul.;Rubinowa;;2019-09-18
22;61;01;1;0933016;19086;ul.;Rufowa;;2019-09-18
22;61;01;1;0933016;19094;ul.;Rumiankowa;;2019-09-18
22;61;01;1;0933016;19112;ul.;Rusałki;;2019-09-18
22;61;01;1;0933016;19142;ul.;Rybacka;;2019-09-18
22;61;01;1;0933016;30616;ul.;Rybackie Pobrzeże;;2019-09-18
22;61;01;1;0933016;19151;ul.;Rybaki Dolne;;2019-09-18
22;61;01;1;0933016;19152;ul.;Rybaki Górne;;2019-09-18
22;61;01;1;0933016;19175;ul.;Rybitwy;;2019-09-18
22;61;01;1;0933016;19178;ul.;Rybna;;2019-09-18
22;61;01;1;0933016;19185;ul.;Rybołowców;;2019-09-18
22;61;01;1;0933016;19186;ul.;Rycerska;;2019-09-18
22;61;01;1;0933016;26722;ul.;Rycerza Blizbora;;2019-09-18
22;61;01;1;0933016;19295;ul.;Rysia;;2019-09-18
22;61;01;1;0933016;27458;ul.;Tomczaka;Ryszarda;2019-09-18
22;61;01;1;0933016;23494;ul.;Wagnera;Ryszarda;2019-09-18
22;61;01;1;0933016;19326;ul.;Rzeczna;;2019-09-18
22;61;01;1;0933016;19329;al.;Rzeczypospolitej;;2019-09-18
22;61;01;1;0933016;19343;ul.;Rzepichy;;2019-09-18
22;61;01;1;0933016;19376;ul.;Rzęsna;;2019-09-18
22;61;01;1;0933016;19365;ul.;Rzeźnicka;;2019-09-18
22;61;01;1;0933016;19404;ul.;Sadowa;;2019-09-18
22;61;01;1;0933016;19444;ul.;Salwator;;2019-09-18
22;61;01;1;0933016;19455;ul.;Sambora;;2019-09-18
22;61;01;1;0933016;11079;ul.;Lindego;Samuela;2019-09-18
22;61;01;1;0933016;19491;ul.;Sandomierska;;2019-09-18
22;61;01;1;0933016;37519;ul.;Saneczkarska;;2019-09-18
22;61;01;1;0933016;19502;ul.;Sanocka;;2019-09-18
22;61;01;1;0933016;19506;ul.;Saperów;;2019-09-18
22;61;01;1;0933016;19536;ul.;Sarnia;;2019-09-18
22;61;01;1;0933016;19549;ul.;Sasankowa;;2019-09-18
22;61;01;1;0933016;19585;ul.;Sąsiedzka;;2019-09-18
22;61;01;1;0933016;19553;ul.;Satelitarna;;2019-09-18
22;61;01;1;0933016;19555;ul.;Saturna;;2019-09-18
22;61;01;1;0933016;22298;ul.;Ścieżki;;2019-09-18
22;61;01;1;0933016;08576;ul.;Klonowicza;Sebastiana;2019-09-18
22;61;01;1;0933016;19637;ul.;Secesyjna;;2019-09-18
22;61;01;1;0933016;33818;ul.;Seleny;;2019-09-18
22;61;01;1;0933016;19691;ul.;Serbska;;2019-09-18
22;61;01;1;0933016;19692;ul.;Serdeczna;;2019-09-18
22;61;01;1;0933016;05867;ul.;Goszczyńskiego;Seweryna;2019-09-18
22;61;01;1;0933016;19742;ul.;Sianowska;;2019-09-18
22;61;01;1;0933016;19776;ul.;Siedlicka;;2019-09-18
22;61;01;1;0933016;19802;ul.;Sielska;;2019-09-18
22;61;01;1;0933016;19836;ul.;Sienna;;2019-09-18
22;61;01;1;0933016;19837;ul.;Sienna Grobla;;2019-09-18
22;61;01;1;0933016;19838;ul.;Siennicka;;2019-09-18
22;61;01;1;0933016;19845;ul.;Sierakowicka;;2019-09-18
22;61;01;1;0933016;19854;ul.;Sieroca;;2019-09-18
22;61;01;1;0933016;19884;ul.;Sierpniowa;;2019-09-18
22;61;01;1;0933016;19885;ul.;Sierpowa;;2019-09-18
22;61;01;1;0933016;19944;ul.;Sitowie;;2019-09-18
22;61;01;1;0933016;20015;ul.;Skarpowa;;2019-09-18
22;61;01;1;0933016;20045;ul.;Skiby;;2019-09-18
22;61;01;1;0933016;20137;ul.;Skrajna;;2019-09-18
22;61;01;1;0933016;55412;skwer;Skwer Gyddanyzc;;2019-09-18
22;61;01;1;0933016;46919;skwer;Skwer im. Anny Walentynowicz;;2019-09-18
22;61;01;1;0933016;49147;skwer;Skwer im. Danuty Siedzikówny "Inki";;2019-09-18
22;61;01;1;0933016;54172;skwer;Skwer im. Harcerzy Polskich w byłym Wolnym Mieście Gdańsku;;2019-09-18
22;61;01;1;0933016;54352;skwer;Skwer im. Ireny Jarockiej;;2019-09-18
22;61;01;1;0933016;54858;skwer;Skwer Sąsiadów;;2019-09-18
22;61;01;1;0933016;22308;ul.;Śląska;;2019-09-18
22;61;01;1;0933016;22339;ul.;Śliwkowa;;2019-09-18
22;61;01;1;0933016;20229;ul.;Słodowników;;2019-09-18
22;61;01;1;0933016;20235;ul.;Słomiana;;2019-09-18
22;61;01;1;0933016;20254;ul.;Słoneczna;;2019-09-18
22;61;01;1;0933016;31899;ul.;Słoneczna Dolina;;2019-09-18
22;61;01;1;0933016;20258;ul.;Słonecznikowa;;2019-09-18
22;61;01;1;0933016;20294;ul.;Słowiańska;;2019-09-18
22;61;01;1;0933016;20303;ul.;Słowików;;2019-09-18
22;61;01;1;0933016;20316;ul.;Słupska;;2019-09-18
22;61;01;1;0933016;22353;ul.;Śluza;;2019-09-18
22;61;01;1;0933016;27751;ul.;Służebna;;2019-09-18
22;61;01;1;0933016;20330;ul.;Smęgorzyńska;;2019-09-18
22;61;01;1;0933016;20332;ul.;Smętna;;2019-09-18
22;61;01;1;0933016;22376;ul.;Śmigłowa;;2019-09-18
22;61;01;1;0933016;20353;ul.;Smoleńska;;2019-09-18
22;61;01;1;0933016;20369;ul.;Smolna;;2019-09-18
22;61;01;1;0933016;20388;ul.;Smugowa;;2019-09-18
22;61;01;1;0933016;22382;ul.;Śniadeckich;;2019-09-18
22;61;01;1;0933016;22400;ul.;Śnieżna;;2019-09-18
22;61;01;1;0933016;27626;ul.;Snycerzy;;2019-09-18
22;61;01;1;0933016;20438;ul.;Sobieszewska;;2019-09-18
22;61;01;1;0933016;20451;ul.;Sobolowa;;2019-09-18
22;61;01;1;0933016;20459;ul.;Sobótki;;2019-09-18
22;61;01;1;0933016;20463;ul.;Sochaczewska;;2019-09-18
22;61;01;1;0933016;20478;ul.;Sokola;;2019-09-18
22;61;01;1;0933016;20522;ul.;Solec;;2019-09-18
22;61;01;1;0933016;20556;ul.;Sołecka;;2019-09-18
22;61;01;1;0933016;29221;ul.;Somińska;;2019-09-18
22;61;01;1;0933016;20582;ul.;Sopocka;;2019-09-18
22;61;01;1;0933016;20598;ul.;Sosnowa;;2019-09-18
22;61;01;1;0933016;20615;ul.;Sowia;;2019-09-18
22;61;01;1;0933016;20639;ul.;Sówki;;2019-09-18
22;61;01;1;0933016;20641;ul.;Spacerowa;;2019-09-18
22;61;01;1;0933016;20645;ul.;Spadochroniarzy;;2019-09-18
22;61;01;1;0933016;20649;ul.;Spadzista;;2019-09-18
22;61;01;1;0933016;20661;ul.;Spichrzowa;;2019-09-18
22;61;01;1;0933016;20677;ul.;Spokojna;;2019-09-18
22;61;01;1;0933016;20683;ul.;Sportowa;;2019-09-18
22;61;01;1;0933016;20732;ul.;Srebrna;;2019-09-18
22;61;01;1;0933016;20737;ul.;Srebrniki;;2019-09-18
22;61;01;1;0933016;21107;ul.;Stągiewna;;2019-09-18
22;61;01;1;0933016;20801;ul.;Stajenna;;2019-09-18
22;61;01;1;0933016;20808;ul.;Stalowa;;2019-09-18
22;61;01;1;0933016;03655;ul.;Dąbka;Stanisława;2019-09-18
22;61;01;1;0933016;04337;ul.;Dubois;Stanisława;2019-09-18
22;61;01;1;0933016;06563;ul.;Hebanowskiego;Stanisława;2019-09-18
22;61;01;1;0933016;09111;ul.;Konarskiego;Stanisława;2019-09-18
22;61;01;1;0933016;10402;ul.;Kunickiego;Stanisława;2019-09-18
22;61;01;1;0933016;38956;ul.;Lema;Stanisława;2019-09-18
22;61;01;1;0933016;12130;ul.;Małachowskiego;Stanisława;2019-09-18
22;61;01;1;0933016;13246;ul.;Moniuszki;Stanisława;2019-09-18
22;61;01;1;0933016;14289;ul.;Noakowskiego;Stanisława;2019-09-18
22;61;01;1;0933016;15876;ul.;Pawłowskiego;Stanisława;2019-09-18
22;61;01;1;0933016;20027;ul.;Skarżyńskiego;Stanisława;2019-09-18
22;61;01;1;0933016;20554;ul.;Sołdka;Stanisława;2019-09-18
22;61;01;1;0933016;21071;ul.;Staszica;Stanisława;2019-09-18
22;61;01;1;0933016;23802;ul.;Wąsowicza;Stanisława;2019-09-18
22;61;01;1;0933016;24437;ul.;Witkiewicza;Stanisława;2019-09-18
22;61;01;1;0933016;24742;ul.;Worcella;Stanisława;2019-09-18
22;61;01;1;0933016;25084;ul.;Wyspiańskiego;Stanisława;2019-09-18
22;61;01;1;0933016;20876;ul.;Stara Stocznia;;2019-09-18
22;61;01;1;0933016;20880;ul.;Stara Twierdza;;2019-09-18
22;61;01;1;0933016;20889;ul.;Stare Domki;;2019-09-18
22;61;01;1;0933016;20932;ul.;Starodworska;;2019-09-18
22;61;01;1;0933016;20935;ul.;Starogardzka;;2019-09-18
22;61;01;1;0933016;20998;ul.;Starowiejska;;2019-09-18
22;61;01;1;0933016;21001;ul.;Starowiślna;;2019-09-18
22;61;01;1;0933016;21011;ul.;Startowa;;2019-09-18
22;61;01;1;0933016;21016;ul.;Stary Dwór;;2019-09-18
22;61;01;1;0933016;21034;ul.;Stary Rynek Oliwski;;2019-09-18
22;61;01;1;0933016;21108;ul.;Steczka;;2019-09-18
22;61;01;1;0933016;00891;ul.;Stefana Batorego;;2019-09-18
22;61;01;1;0933016;03283;ul.;Czarnieckiego;Stefana;2019-09-18
22;61;01;1;0933016;04307;ul.;Drzewieckiego;Stefana;2019-09-18
22;61;01;1;0933016;07240;ul.;Jaracza;Stefana;2019-09-18
22;61;01;1;0933016;08458;ul.;Kisielewskiego;Stefana;2019-09-18
22;61;01;1;0933016;12999;ul.;Miraua;Stefana;2019-09-18
22;61;01;1;0933016;14914;ul.;Okrzei;Stefana;2019-09-18
22;61;01;1;0933016;18440;ul.;Ramułta;Stefana;2019-09-18
22;61;01;1;0933016;26469;ul.;Żeromskiego;Stefana;2019-09-18
22;61;01;1;0933016;19674;ul.;Sempołowskiej;Stefanii;2019-09-18
22;61;01;1;0933016;21166;ul.;Stępkarska;;2019-09-18
22;61;01;1;0933016;21150;ul.;Sternicza;;2019-09-18
22;61;01;1;0933016;21180;ul.;Stężycka;;2019-09-18
22;61;01;1;0933016;21190;ul.;Stoczniowców;;2019-09-18
22;61;01;1;0933016;21206;ul.;Stogi;;2019-09-18
22;61;01;1;0933016;21221;ul.;Stokłosy;;2019-09-18
22;61;01;1;0933016;21227;ul.;Stokrotki;;2019-09-18
22;61;01;1;0933016;21231;ul.;Stolarska;;2019-09-18
22;61;01;1;0933016;21238;ul.;Stolema;;2019-09-18
22;61;01;1;0933016;21240;ul.;Stolnika;;2019-09-18
22;61;01;1;0933016;21246;ul.;Storczykowa;;2019-09-18
22;61;01;1;0933016;21258;ul.;Straganiarska;;2019-09-18
22;61;01;1;0933016;21260;ul.;Strajku Dokerów;;2019-09-18
22;61;01;1;0933016;33875;ul.;Straszyńska;;2019-09-18
22;61;01;1;0933016;21293;ul.;Stroma;;2019-09-18
22;61;01;1;0933016;21363;ul.;Strzelca;;2019-09-18
22;61;01;1;0933016;26928;ul.;Strzelców Karpackich;;2019-09-18
22;61;01;1;0933016;21381;ul.;Strzelecka;;2019-09-18
22;61;01;1;0933016;21487;ul.;Subisława;;2019-09-18
22;61;01;1;0933016;21489;ul.;Sucha;;2019-09-18
22;61;01;1;0933016;43130;ul.;Sudomska;;2019-09-18
22;61;01;1;0933016;21541;ul.;Sukiennicza;;2019-09-18
22;61;01;1;0933016;55154;ul.;Sulęczyńska;;2019-09-18
22;61;01;1;0933016;21565;ul.;Sulmińska;;2019-09-18
22;61;01;1;0933016;21614;ul.;Suwalska;;2019-09-18
22;61;01;1;0933016;00729;ul.;Barbary;św.;2019-09-18
22;61;01;1;0933016;02047;ul.;Alberta;św. Brata;2019-09-18
22;61;01;1;0933016;04346;ul.;św. Ducha;;2019-09-18
22;61;01;1;0933016;06783;ul.;Huberta;św.;2019-09-18
22;61;01;1;0933016;29233;pl.;Jana Apostoła;św.;2019-09-18
22;61;01;1;0933016;35445;rondo;Jana de La Salle;św.;2019-09-18
22;61;01;1;0933016;16303;ul.;Piotra;św.;2019-09-18
22;61;01;1;0933016;23017;ul.;św. Trójcy;;2019-09-18
22;61;01;1;0933016;21620;ul.;Swarzewska;;2019-09-18
22;61;01;1;0933016;22454;ul.;Świbnieńska;;2019-09-18
22;61;01;1;0933016;22461;ul.;Świdnicka;;2019-09-18
22;61;01;1;0933016;22508;ul.;Świerkowa;;2019-09-18
22;61;01;1;0933016;22548;ul.;Świętojańska;;2019-09-18
22;61;01;1;0933016;22552;ul.;Świętokrzyska;;2019-09-18
22;61;01;1;0933016;22555;ul.;Świętopełka;;2019-09-18
22;61;01;1;0933016;33008;ul.;Świstaka;;2019-09-18
22;61;01;1;0933016;22581;ul.;Świtezianki;;2019-09-18
22;61;01;1;0933016;21629;ul.;Swojska;;2019-09-18
22;61;01;1;0933016;21641;ul.;Sybiraków;;2019-09-18
22;61;01;1;0933016;21666;ul.;Sympatyczna;;2019-09-18
22;61;01;1;0933016;21670;ul.;Synów Pułku;;2019-09-18
22;61;01;1;0933016;21681;ul.;Syriusza;;2019-09-18
22;61;01;1;0933016;21705;ul.;Szafarnia;;2019-09-18
22;61;01;1;0933016;21712;ul.;Szafirowa;;2019-09-18
22;61;01;1;0933016;21721;ul.;Szafranowa;;2019-09-18
22;61;01;1;0933016;21737;ul.;Szalupowa;;2019-09-18
22;61;01;1;0933016;21768;ul.;Szara;;2019-09-18
22;61;01;1;0933016;21779;ul.;Szarotki;;2019-09-18
22;61;01;1;0933016;21805;ul.;Szczecińska;;2019-09-18
22;61;01;1;0933016;16226;ul.;Pileckiego;Szczepana;2019-09-18
22;61;01;1;0933016;21846;ul.;Szczęśliwa;;2019-09-18
22;61;01;1;0933016;31133;ul.;Szczodra;;2019-09-18
22;61;01;1;0933016;21869;ul.;Szczygla;;2019-09-18
22;61;01;1;0933016;21885;ul.;Szczytników;;2019-09-18
22;61;01;1;0933016;21922;ul.;Szermiercza;;2019-09-18
22;61;01;1;0933016;21925;ul.;Szeroka;;2019-09-18
22;61;01;1;0933016;21947;ul.;Szewska;;2019-09-18
22;61;01;1;0933016;21954;ul.;Szklana Huta;;2019-09-18
22;61;01;1;0933016;21964;ul.;Szklary;;2019-09-18
22;61;01;1;0933016;21967;ul.;Szkocka;;2019-09-18
22;61;01;1;0933016;21970;ul.;Szkolna;;2019-09-18
22;61;01;1;0933016;21983;ul.;Szkutnicza;;2019-09-18
22;61;01;1;0933016;22003;ul.;Szmaragdowa;;2019-09-18
22;61;01;1;0933016;22028;ul.;Szopy;;2019-09-18
22;61;01;1;0933016;22059;ul.;Szpaki;;2019-09-18
22;61;01;1;0933016;22073;ul.;Szpitalna;;2019-09-18
22;61;01;1;0933016;22112;ul.;Sztormowa;;2019-09-18
22;61;01;1;0933016;22121;ul.;Sztutowska;;2019-09-18
22;61;01;1;0933016;22164;ul.;Szuwary;;2019-09-18
22;61;01;1;0933016;22210;ul.;Szybowcowa;;2019-09-18
22;61;01;1;0933016;22250;ul.;Szymbarska;;2019-09-18
22;61;01;1;0933016;29218;ul.;Szynszylowa;;2019-09-18
22;61;01;1;0933016;22276;ul.;Szyprów;;2019-09-18
22;61;01;1;0933016;22591;ul.;Taborowa;;2019-09-18
22;61;01;1;0933016;02157;ul.;Browicza;Tadeusza;2019-09-18
22;61;01;1;0933016;03305;ul.;Czarnowskiego;Tadeusza;2019-09-18
22;61;01;1;0933016;06419;ul.;Gwiazdowskiego;Tadeusza;2019-09-18
22;61;01;1;0933016;41595;ul.;Jasińskiego;Tadeusza;2019-09-18
22;61;01;1;0933016;09582;ul.;Kościuszki;Tadeusza;2019-09-18
22;61;01;1;0933016;35654;pl.;Polaka;Tadeusza;2019-09-18
22;61;01;1;0933016;18575;ul.;Rejtana;Tadeusza;2019-09-18
22;61;01;1;0933016;21654;ul.;Sygietyńskiego;Tadeusza;2019-09-18
22;61;01;1;0933016;23235;ul.;Tylewskiego;Tadeusza;2019-09-18
22;61;01;1;0933016;23859;ul.;Wendy;Tadeusza;2019-09-18
22;61;01;1;0933016;22617;ul.;Tama Pędzichowska;;2019-09-18
22;61;01;1;0933016;22622;ul.;Tamka;;2019-09-18
22;61;01;1;0933016;22625;ul.;Tandeta;;2019-09-18
22;61;01;1;0933016;22626;ul.;Taneczna;;2019-09-18
22;61;01;1;0933016;22639;ul.;Tarasy;;2019-09-18
22;61;01;1;0933016;22644;ul.;Tarcice;;2019-09-18
22;61;01;1;0933016;22651;ul.;Targ Drzewny;;2019-09-18
22;61;01;1;0933016;54173;ul.;Targ Maślany;;2019-09-18
22;61;01;1;0933016;22652;ul.;Targ Rakowy;;2019-09-18
22;61;01;1;0933016;22654;ul.;Targ Rybny;;2019-09-18
22;61;01;1;0933016;22655;ul.;Targ Sienny;;2019-09-18
22;61;01;1;0933016;22656;ul.;Targ Węglowy;;2019-09-18
22;61;01;1;0933016;22673;ul.;Tarniny;;2019-09-18
22;61;01;1;0933016;22681;ul.;Tarnowska;;2019-09-18
22;61;01;1;0933016;22690;ul.;Tartaczna;;2019-09-18
22;61;01;1;0933016;22717;ul.;Tatrzańska;;2019-09-18
22;61;01;1;0933016;22723;ul.;Teatralna;;2019-09-18
22;61;01;1;0933016;22777;ul.;Tęczowa;;2019-09-18
22;61;01;1;0933016;22735;ul.;Teleskopowa;;2019-09-18
22;61;01;1;0933016;22736;ul.;Telewizyjna;;2019-09-18
22;61;01;1;0933016;22739;ul.;Telimeny;;2019-09-18
22;61;01;1;0933016;22740;ul.;Temidy;;2019-09-18
22;61;01;1;0933016;22744;ul.;Tenisowa;;2019-09-18
22;61;01;1;0933016;28474;ul.;Lenartowicza;Teofila;2019-09-18
22;61;01;1;0933016;22775;ul.;Tezeusza;;2019-09-18
22;61;01;1;0933016;22794;ul.;Tkacka;;2019-09-18
22;61;01;1;0933016;22812;ul.;Tobiasza;;2019-09-18
22;61;01;1;0933016;22824;ul.;Tokarska;;2019-09-18
22;61;01;1;0933016;22835;ul.;Tolkmicka;;2019-09-18
22;61;01;1;0933016;04729;ul.;Edisona;Tomasza;2019-09-18
22;61;01;1;0933016;22871;ul.;Topazowa;;2019-09-18
22;61;01;1;0933016;22880;ul.;Topolowa;;2019-09-18
22;61;01;1;0933016;22902;ul.;Toruńska;;2019-09-18
22;61;01;1;0933016;22907;ul.;Towarowa;;2019-09-18
22;61;01;1;0933016;30400;ul.;Trakt św. Wojciecha;;2019-09-18
22;61;01;1;0933016;22941;ul.;Trałowa;;2019-09-18
22;61;01;1;0933016;22949;ul.;Transportowców;;2019-09-18
22;61;01;1;0933016;22953;ul.;Trapowa;;2019-09-18
22;61;01;1;0933016;22968;ul.;Trawki;;2019-09-18
22;61;01;1;0933016;23024;ul.;Trubadurów;;2019-09-18
22;61;01;1;0933016;31134;pl.;Trzeciego Tysiąclecia;;2019-09-18
22;61;01;1;0933016;23103;ul.;Trzy Lipy;;2019-09-18
22;61;01;1;0933016;23118;ul.;Tuchomska;;2019-09-18
22;61;01;1;0933016;23130;ul.;Tulipanów;;2019-09-18
22;61;01;1;0933016;50153;inne;Tunel im. abp. Tadeusza Gocłowskiego;;2019-09-18
22;61;01;1;0933016;47238;inne;Tunel im. Grzegorza Oryszczaka;;2019-09-18
22;61;01;1;0933016;23160;ul.;Turkusowa;;2019-09-18
22;61;01;1;0933016;23184;ul.;Turystyczna;;2019-09-18
22;61;01;1;0933016;23186;ul.;Turzycowa;;2019-09-18
22;61;01;1;0933016;23200;ul.;Twarda;;2019-09-18
22;61;01;1;0933016;23245;ul.;Tymiankowa;;2019-09-18
22;61;01;1;0933016;23270;ul.;Tysiąclecia;;2019-09-18
22;61;01;1;0933016;02663;ul.;Chałubińskiego;Tytusa;2019-09-18
22;61;01;1;0933016;23285;ul.;U Furty;;2019-09-18
22;61;01;1;0933016;23289;ul.;Ubocze;;2019-09-18
22;61;01;1;0933016;23299;ul.;Uczniowska;;2019-09-18
22;61;01;1;0933016;23306;ul.;Ugory;;2019-09-18
22;61;01;1;0933016;23318;ul.;Ujeścisko;;2019-09-18
22;61;01;1;0933016;23327;ul.;Ukośna;;2019-09-18
22;61;01;1;0933016;23329;ul.;Ukryta;;2019-09-18
22;61;01;1;0933016;23345;ul.;Ułańska;;2019-09-18
22;61;01;1;0933016;30843;ul.;Urana;;2019-09-18
22;61;01;1;0933016;23386;ul.;Uranowa;;2019-09-18
22;61;01;1;0933016;23406;ul.;Urocza;;2019-09-18
22;61;01;1;0933016;23420;ul.;Urwista;;2019-09-18
22;61;01;1;0933016;23430;ul.;Ustronie;;2019-09-18
22;61;01;1;0933016;23456;ul.;Uzdrowiskowa;;2019-09-18
22;61;01;1;0933016;31784;ul.;Victorii;;2019-09-18
22;61;01;1;0933016;04472;ul.;Dwór;VII;2019-09-18
22;61;01;1;0933016;00623;ul.;Balcerskiego;Wacława;2019-09-18
22;61;01;1;0933016;31486;ul.;Kłoczkowskiego;Wacława;2019-09-18
22;61;01;1;0933016;23485;ul.;Wadowicka;;2019-09-18
22;61;01;1;0933016;23499;ul.;Wajdeloty;;2019-09-18
22;61;01;1;0933016;23527;ul.;Walecznych;;2019-09-18
22;61;01;1;0933016;23586;ul.;Wałowa;;2019-09-18
22;61;01;1;0933016;23589;pl.;Wałowy;;2019-09-18
22;61;01;1;0933016;23596;ul.;Wały Jagiellońskie;;2019-09-18
22;61;01;1;0933016;23602;ul.;Wały Piastowskie;;2019-09-18
22;61;01;1;0933016;23626;ul.;Wapiennicza;;2019-09-18
22;61;01;1;0933016;23669;ul.;Warneńska;;2019-09-18
22;61;01;1;0933016;23682;ul.;Warszawska;;2019-09-18
22;61;01;1;0933016;23700;ul.;Wartka;;2019-09-18
22;61;01;1;0933016;23714;ul.;Warzywnicza;;2019-09-18
22;61;01;1;0933016;27456;ul.;Wąskotorowa;;2019-09-18
22;61;01;1;0933016;23749;ul.;Wawelska;;2019-09-18
22;61;01;1;0933016;23812;ul.;Wąwóz;;2019-09-18
22;61;01;1;0933016;23818;ul.;Wczasy;;2019-09-18
22;61;01;1;0933016;23825;ul.;Wdzydzka;;2019-09-18
22;61;01;1;0933016;23830;ul.;Wegi;;2019-09-18
22;61;01;1;0933016;23929;ul.;Węglarska;;2019-09-18
22;61;01;1;0933016;23941;ul.;Węgorzowa;;2019-09-18
22;61;01;1;0933016;23854;ul.;Wełniarska;;2019-09-18
22;61;01;1;0933016;23868;ul.;Wenus;;2019-09-18
22;61;01;1;0933016;23954;ul.;Węsierska;;2019-09-18
22;61;01;1;0933016;23884;ul.;Wesoła;;2019-09-18
22;61;01;1;0933016;23899;ul.;Westy;;2019-09-18
22;61;01;1;0933016;38747;inne;Węzeł im. Carla Groddecka;;2019-09-18
22;61;01;1;0933016;41041;inne;Węzeł Kliniczna;;2019-09-18
22;61;01;1;0933016;37144;inne;Węzeł Unii Europejskiej;;2019-09-18
22;61;01;1;0933016;23991;ul.;Wichrowe Wzgórze;;2019-09-18
22;61;01;1;0933016;24003;ul.;Widlińska;;2019-09-18
22;61;01;1;0933016;24011;ul.;Widok;;2019-09-18
22;61;01;1;0933016;24220;ul.;Więcierze;;2019-09-18
22;61;01;1;0933016;40088;ul.;Wiecka;;2019-09-18
22;61;01;1;0933016;24056;ul.;Wielewska;;2019-09-18
22;61;01;1;0933016;24086;ul.;Wielkie Młyny;;2019-09-18
22;61;01;1;0933016;24096;ul.;Wielkopolska;;2019-09-18
22;61;01;1;0933016;24111;ul.;Wielopole;;2019-09-18
22;61;01;1;0933016;24126;ul.;Wieniecka;;2019-09-18
22;61;01;1;0933016;24170;ul.;Wierzbowa;;2019-09-18
22;61;01;1;0933016;24200;ul.;Wiesława;;2019-09-18
22;61;01;1;0933016;24208;ul.;Wiewiórcza;;2019-09-18
22;61;01;1;0933016;24218;ul.;Wieżycka;;2019-09-18
22;61;01;1;0933016;24236;ul.;Wigierska;;2019-09-18
22;61;01;1;0933016;05792;ul.;Gomulickiego;Wiktora;2019-09-18
22;61;01;1;0933016;24259;ul.;Wilanowska;;2019-09-18
22;61;01;1;0933016;24261;ul.;Wilcza;;2019-09-18
22;61;01;1;0933016;24289;ul.;Wileńska;;2019-09-18
22;61;01;1;0933016;24294;ul.;Wilgi;;2019-09-18
22;61;01;1;0933016;21343;ul.;Stryjewskiego;Wilhelma;2019-09-18
22;61;01;1;0933016;24313;ul.;Wilków Morskich;;2019-09-18
22;61;01;1;0933016;24317;ul.;Willowa;;2019-09-18
22;61;01;1;0933016;16961;ul.;Pola;Wincentego;2019-09-18
22;61;01;1;0933016;18034;ul.;Pstrowskiego;Wincentego;2019-09-18
22;61;01;1;0933016;24459;ul.;Witosa;Wincentego;2019-09-18
22;61;01;1;0933016;24352;ul.;Winnicka;;2019-09-18
22;61;01;1;0933016;24359;ul.;Winogronowa;;2019-09-18
22;61;01;1;0933016;24363;ul.;Wiolinowa;;2019-09-18
22;61;01;1;0933016;24364;ul.;Wiosenna;;2019-09-18
22;61;01;1;0933016;24367;ul.;Wiosłowa;;2019-09-18
22;61;01;1;0933016;24369;ul.;Wiosny Ludów;;2019-09-18
22;61;01;1;0933016;24404;ul.;Wiślna;;2019-09-18
22;61;01;1;0933016;24412;ul.;Wiśniowa;;2019-09-18
22;61;01;1;0933016;21435;ul.;Stwosza;Wita;2019-09-18
22;61;01;1;0933016;04127;ul.;Doroszewskiego;Witolda;2019-09-18
22;61;01;1;0933016;06045;ul.;Grabowskiego;Witolda;2019-09-18
22;61;01;1;0933016;12133;ul.;Małcużyńskiego;Witolda;2019-09-18
22;61;01;1;0933016;01233;ul.;Biegańskiego;Władysława;2019-09-18
22;61;01;1;0933016;02125;ul.;Broniewskiego;Władysława;2019-09-18
22;61;01;1;0933016;03066;ul.;Cieszyńskiego;Władysława;2019-09-18
22;61;01;1;0933016;37024;ul.;Czermińskiego;Władysława;2019-09-18
22;61;01;1;0933016;24490;ul.;Władysława IV;;2019-09-18
22;61;01;1;0933016;24494;ul.;Władysława Jagiełły;;2019-09-18
22;61;01;1;0933016;15140;ul.;Orkana;Władysława;2019-09-18
22;61;01;1;0933016;16551;ul.;Pniewskiego;Władysława;2019-09-18
22;61;01;1;0933016;18648;ul.;Reymonta;Władysława;2019-09-18
22;61;01;1;0933016;22473;ul.;Świechockiego;Władysława;2019-09-18
22;61;01;1;0933016;21683;ul.;Syrokomli;Władysława;2019-09-18
22;61;01;1;0933016;21709;ul.;Szafera;Władysława;2019-09-18
22;61;01;1;0933016;26442;ul.;Żeleńskiego;Władysława;2019-09-18
22;61;01;1;0933016;24497;ul.;Władysławowska;;2019-09-18
22;61;01;1;0933016;24501;ul.;Własna Strzecha;;2019-09-18
22;61;01;1;0933016;24534;ul.;Włóczników;;2019-09-18
22;61;01;1;0933016;24550;ul.;Wodna;;2019-09-18
22;61;01;1;0933016;24553;ul.;Wodnika;;2019-09-18
22;61;01;1;0933016;24559;ul.;Wodopój;;2019-09-18
22;61;01;1;0933016;01608;ul.;Bogusławskiego;Wojciecha;2019-09-18
22;61;01;1;0933016;04319;ul.;Drzymały;Wojciecha;2019-09-18
22;61;01;1;0933016;08360;ul.;Kętrzyńskiego;Wojciecha;2019-09-18
22;61;01;1;0933016;24623;al.;Wojska Polskiego;;2019-09-18
22;61;01;1;0933016;24632;ul.;Wojskiego;;2019-09-18
22;61;01;1;0933016;28039;ul.;Wolarza;;2019-09-18
22;61;01;1;0933016;13410;ul.;Mozarta;Wolfganga;2019-09-18
22;61;01;1;0933016;24673;ul.;Wolińska;;2019-09-18
22;61;01;1;0933016;24713;ul.;Wołkowyska;;2019-09-18
22;61;01;1;0933016;24687;ul.;Wolności;;2019-09-18
22;61;01;1;0933016;24733;ul.;Wołyńska;;2019-09-18
22;61;01;1;0933016;02362;ul.;Budzysza;Wosia;2019-09-18
22;61;01;1;0933016;30842;ul.;Woźnicy;;2019-09-18
22;61;01;1;0933016;24824;ul.;Wróbla;;2019-09-18
22;61;01;1;0933016;24806;ul.;Wrocławska;;2019-09-18
22;61;01;1;0933016;24811;ul.;Wronia;;2019-09-18
22;61;01;1;0933016;24863;ul.;Wrześniowa;;2019-09-18
22;61;01;1;0933016;24852;ul.;Wrzeszczańska;;2019-09-18
22;61;01;1;0933016;24876;ul.;Wrzosy;;2019-09-18
22;61;01;1;0933016;24879;ul.;Wschodnia;;2019-09-18
22;61;01;1;0933016;24888;ul.;Współczesna;;2019-09-18
22;61;01;1;0933016;24885;ul.;Wspólna;;2019-09-18
22;61;01;1;0933016;24884;ul.;Wspornikowa;;2019-09-18
22;61;01;1;0933016;24953;ul.;Wyciąg;;2019-09-18
22;61;01;1;0933016;24972;ul.;Wydmy;;2019-09-18
22;61;01;1;0933016;24987;ul.;Wygon;;2019-09-18
22;61;01;1;0933016;25028;ul.;Wypoczynkowa;;2019-09-18
22;61;01;1;0933016;25133;ul.;Wyzwolenia;;2019-09-18
22;61;01;1;0933016;25228;ul.;Za Murami;;2019-09-18
22;61;01;1;0933016;26365;ul.;Żabi Kruk;;2019-09-18
22;61;01;1;0933016;26367;ul.;Żabia;;2019-09-18
22;61;01;1;0933016;25269;ul.;Zabłotna;;2019-09-18
22;61;01;1;0933016;25294;ul.;Zabytkowa;;2019-09-18
22;61;01;1;0933016;25314;ul.;Zacisze;;2019-09-18
22;61;01;1;0933016;25317;ul.;Zacna;;2019-09-18
22;61;01;1;0933016;26389;ul.;Żaglowa;;2019-09-18
22;61;01;1;0933016;25359;ul.;Zagony;;2019-09-18
22;61;01;1;0933016;25368;ul.;Zagórna;;2019-09-18
22;61;01;1;0933016;25385;ul.;Zagroble;;2019-09-18
22;61;01;1;0933016;25392;ul.;Zagrodowa;;2019-09-18
22;61;01;1;0933016;25427;ul.;Zajęcza;;2019-09-18
22;61;01;1;0933016;25452;ul.;Zakole;;2019-09-18
22;61;01;1;0933016;27389;ul.;Zakoniczyńska;;2019-09-18
22;61;01;1;0933016;25458;ul.;Zakopiańska;;2019-09-18
22;61;01;1;0933016;25460;ul.;Zakosy;;2019-09-18
22;61;01;1;0933016;26394;ul.;Żaków;;2019-09-18
22;61;01;1;0933016;25484;ul.;Zalesie;;2019-09-18
22;61;01;1;0933016;25516;ul.;Załogowa;;2019-09-18
22;61;01;1;0933016;25540;ul.;Zamiejska;;2019-09-18
22;61;01;1;0933016;25545;ul.;Zamknięta;;2019-09-18
22;61;01;1;0933016;25547;ul.;Zamkowa;;2019-09-18
22;61;01;1;0933016;25557;ul.;Zamojska;;2019-09-18
22;61;01;1;0933016;26406;ul.;Żarnowiecka;;2019-09-18
22;61;01;1;0933016;25667;ul.;Zaroślak;;2019-09-18
22;61;01;1;0933016;25730;ul.;Zaścianek;;2019-09-18
22;61;01;1;0933016;25739;ul.;Zatokowa;;2019-09-18
22;61;01;1;0933016;41745;ul.;Zaułek Ormiański;;2019-09-18
22;61;01;1;0933016;25791;ul.;Zaułek św. Bartłomieja;;2019-09-18
22;61;01;1;0933016;31135;ul.;Zaułek Zachariasza Zappio;;2019-09-18
22;61;01;1;0933016;25837;ul.;Zawiejska;;2019-09-18
22;61;01;1;0933016;25847;ul.;Zawilcowa;;2019-09-18
22;61;01;1;0933016;25859;ul.;Zawiślańska;;2019-09-18
22;61;01;1;0933016;25857;ul.;Zawiszy Czarnego;;2019-09-18
22;61;01;1;0933016;25866;ul.;Zawodników;;2019-09-18
22;61;01;1;0933016;25869;ul.;Zawodzie;;2019-09-18
22;61;01;1;0933016;25874;ul.;Zawrotna;;2019-09-18
22;61;01;1;0933016;25888;ul.;Zbąszyńska;;2019-09-18
22;61;01;1;0933016;25891;ul.;Zbieżna;;2019-09-18
22;61;01;1;0933016;02475;ul.;Burzyńskiego;Zbigniewa;2019-09-18
22;61;01;1;0933016;03160;ul.;Cybulskiego;Zbigniewa;2019-09-18
22;61;01;1;0933016;31283;ul.;Herberta;Zbigniewa;2019-09-18
22;61;01;1;0933016;41205;ul.;Podleckiego;Zbigniewa;2019-09-18
22;61;01;1;0933016;25931;ul.;Zbyszka z Bogdańca;;2019-09-18
22;61;01;1;0933016;25932;ul.;Zbytki;;2019-09-18
22;61;01;1;0933016;25944;ul.;Zdrojowa;;2019-09-18
22;61;01;1;0933016;25972;pl.;Zebrań Ludowych;;2019-09-18
22;61;01;1;0933016;26420;ul.;Żeglarska;;2019-09-18
22;61;01;1;0933016;26004;ul.;Zenitowa;;2019-09-18
22;61;01;1;0933016;26011;ul.;Zeusa;;2019-09-18
22;61;01;1;0933016;26027;ul.;Zgody I;;2019-09-18
22;61;01;1;0933016;26028;ul.;Zgody II;;2019-09-18
22;61;01;1;0933016;26077;ul.;Zielna;;2019-09-18
22;61;01;1;0933016;26081;ul.;Zielona;;2019-09-18
22;61;01;1;0933016;26092;ul.;Zielone Wzgórze;;2019-09-18
22;61;01;1;0933016;26102;ul.;Zielonogórska;;2019-09-18
22;61;01;1;0933016;32394;ul.;Zielony Stok;;2019-09-18
22;61;01;1;0933016;26111;ul.;Zielony Trójkąt;;2019-09-18
22;61;01;1;0933016;40394;ul.;Zielony Zakątek;;2019-09-18
22;61;01;1;0933016;26129;ul.;Ziemowita;;2019-09-18
22;61;01;1;0933016;26150;ul.;Zimna;;2019-09-18
22;61;01;1;0933016;26188;ul.;Złota;;2019-09-18
22;61;01;1;0933016;26191;ul.;Złota Karczma;;2019-09-18
22;61;01;1;0933016;26207;ul.;Złotników;;2019-09-18
22;61;01;1;0933016;26213;ul.;Złotowska;;2019-09-18
22;61;01;1;0933016;26492;ul.;Żniwna;;2019-09-18
22;61;01;1;0933016;13967;ul.;Nałkowskiej;Zofii;2019-09-18
22;61;01;1;0933016;26498;ul.;Żołnierska;;2019-09-18
22;61;01;1;0933016;26519;ul.;Żonkilowa;;2019-09-18
22;61;01;1;0933016;26256;ul.;Zosi;;2019-09-18
22;61;01;1;0933016;26359;ul.;Źródlana;;2019-09-18
22;61;01;1;0933016;26548;ul.;Żubrowa;;2019-09-18
22;61;01;1;0933016;26273;ul.;Zuchów;;2019-09-18
22;61;01;1;0933016;26560;ul.;Żukowska;;2019-09-18
22;61;01;1;0933016;26567;ul.;Żuławska;;2019-09-18
22;61;01;1;0933016;26579;ul.;Żurawia;;2019-09-18
22;61;01;1;0933016;26288;ul.;Związkowa;;2019-09-18
22;61;01;1;0933016;26292;ul.;Związku Jaszczurczego;;2019-09-18
22;61;01;1;0933016;26305;ul.;Zwierzyniecka;;2019-09-18
22;61;01;1;0933016;26608;ul.;Żwirki i Wigury;;2019-09-18
22;61;01;1;0933016;26322;al.;Zwycięstwa;;2019-09-18
22;61;01;1;0933016;26615;ul.;Życzliwa;;2019-09-18
22;61;01;1;0933016;26334;ul.;Zygmunta Augusta;;2019-09-18
22;61;01;1;0933016;42096;ul.;Chychły;Zygmunta;2019-09-18
22;61;01;1;0933016;14326;ul.;Noskowskiego;Zygmunta;2019-09-18
22;61;01;1;0933016;26929;ul.;Rumla;Zygmunta;2019-09-18
22;61;01;1;0933016;24840;ul.;Wróblewskiego;Zygmunta;2019-09-18
22;61;01;1;0933016;26635;ul.;Żytnia;;2019-09-18
22;61;01;1;0933016;26640;ul.;Żywiecka;;2019-09-18
